,0,1,2
0,"['Androcymbium', 'albanense']", tuber  geophyte,27
1,"['Androcymbium', 'albomarginatum']", tuber  geophyte,27
2,"['Androcymbium', 'amphigaripense']", tuber  geophyte,27
3,"['Androcymbium', 'austrocapense']", tuber  geophyte,27
4,"['Androcymbium', 'bellum']", tuber  geophyte,27
5,"['Androcymbium', 'buchubergense']", tuber  geophyte,27
6,"['Androcymbium', 'burchellii']", tuber  geophyte,27
7,"['Androcymbium', 'burkei']", tuber  geophyte,27
8,"['Androcymbium', 'capense']", tuber  geophyte,27
9,"['Androcymbium', 'cedarbergense']", tuber  geophyte,27
10,"['Androcymbium', 'ciliolatum']", tuber  geophyte,27
11,"['Androcymbium', 'circinatum']", tuber  geophyte,27
12,"['Androcymbium', 'crenulatum']", tuber  geophyte,27
13,"['Androcymbium', 'crispum']", tuber  geophyte,27
14,"['Androcymbium', 'cruciatum']", tuber  geophyte,27
15,"['Androcymbium', 'cuspidatum']", tuber  geophyte,27
16,"['Androcymbium', 'decipiens']", tuber  geophyte,27
17,"['Androcymbium', 'dregei']", tuber  geophyte,27
18,"['Androcymbium', 'eghimocymbion']", tuber  geophyte,27
19,"['Androcymbium', 'etesionamibense']", tuber  geophyte,27
20,"['Androcymbium', 'eucomoides']", tuber  geophyte,27
21,"['Androcymbium', 'europaeum']", tuber  geophyte,12 20
22,"['Androcymbium', 'exiguum']", tuber  geophyte,27
23,"['Androcymbium', 'gramineum']", tuber  geophyte,20 22
24,"['Androcymbium', 'greuterocymbium']", tuber  geophyte,27
25,"['Androcymbium', 'hantamense']", tuber  geophyte,27
26,"['Androcymbium', 'henssenianum']", tuber  geophyte,27
27,"['Androcymbium', 'hierrense']", tuber  geophyte,21
28,"['Androcymbium', 'hughocymbion']", tuber  geophyte,27
29,"['Androcymbium', 'huntleyi']", tuber  geophyte,27
30,"['Androcymbium', 'irroratum']", tuber  geophyte,27
31,"['Androcymbium', 'karooparkense']", tuber  geophyte,27
32,"['Androcymbium', 'knersvlaktense']", tuber  geophyte,27
33,"['Androcymbium', 'kunkelianum']", tuber  geophyte,27
34,"['Androcymbium', 'leistneri']", tuber  geophyte,27
35,"['Androcymbium', 'longipes']", tuber  geophyte,27
36,"['Androcymbium', 'melanthioides']", tuber  geophyte,26 27
37,"['Androcymbium', 'natalense']", tuber  geophyte,27
38,"['Androcymbium', 'orienticapense']", tuber  geophyte,27
39,"['Androcymbium', 'palaestinum']", tuber  geophyte,20 34
40,"['Androcymbium', 'poeltianum']", tuber  geophyte,27
41,"['Androcymbium', 'praeirroratum']", tuber  geophyte,27
42,"['Androcymbium', 'psammophilum']", tuber  geophyte,21
43,"['Androcymbium', 'rechingeri']", tuber  geophyte,13 20
44,"['Androcymbium', 'roseum']", tuber  geophyte,26 27
45,"['Androcymbium', 'scabromarginatum']", tuber  geophyte,27
46,"['Androcymbium', 'schimperianum']", tuber  geophyte,24 35
47,"['Androcymbium', 'stirtonii']", tuber  geophyte,27
48,"['Androcymbium', 'striatum']", tuber  geophyte,24 25 26 27
49,"['Androcymbium', 'swazicum']", tuber  geophyte,27
50,"['Androcymbium', 'undulatum']", tuber  geophyte,27
51,"['Androcymbium', 'vanjaarsveldii']", tuber  geophyte,27
52,"['Androcymbium', 'villosum']", tuber  geophyte,27
53,"['Androcymbium', 'volutare']", tuber  geophyte,27
54,"['Androcymbium', 'walteri']", tuber  geophyte,27
55,"['Androcymbium', 'worsonense']", tuber  geophyte,27
56,"['Baeometra', 'uniflora']", tuber  geophyte,27
57,"['Burchardia', 'bairdiae']", tuber  geophyte,50
58,"['Burchardia', 'congesta']", tuber  geophyte,50
59,"['Burchardia', 'monantha']", tuber  geophyte,50
60,"['Burchardia', 'multiflora']", tuber  geophyte,50
61,"['Burchardia', 'rosea']", tuber  geophyte,50
62,"['Burchardia', 'umbellata']", tuber  geophyte,50
63,"['Camptorrhiza', 'indica']", tuber  geophyte,40
64,"['Camptorrhiza', 'strumosa']", tuber  geophyte,26 27
65,"['Colchicum', 'alpinum']", tuber  geophyte,11 12 13
66,"['Colchicum', 'androcymbioides']", tuber  geophyte,12
67,"['Colchicum', 'antepense']", tuber  geophyte,34
68,"['Colchicum', 'antilibanoticum']", tuber  geophyte,34
69,"['Colchicum', 'arenarium']", tuber  geophyte,11 13 14
70,"['Colchicum', 'arenasii']", tuber  geophyte,12
71,"['Colchicum', 'asteranthum']", tuber  geophyte,13
72,"['Colchicum', 'atticum']", tuber  geophyte,13 34
73,"['Colchicum', 'autumnale']", tuber  geophyte,11 12 13
74,"['Colchicum', 'balansae']", tuber  geophyte,13 34
75,"['Colchicum', 'baytopiorum']", tuber  geophyte,34
76,"['Colchicum', 'bivonae']", tuber  geophyte,12 13 34
77,"['Colchicum', 'boissieri']", tuber  geophyte,13 34
78,"['Colchicum', 'bulbocodium']", tuber  geophyte,11 12 13 14 33
79,"['Colchicum', 'burttii']", tuber  geophyte,13 34
80,"['Colchicum', 'chalcedonicum']", tuber  geophyte,13 34
81,"['Colchicum', 'chimonanthum']", tuber  geophyte,13
82,"['Colchicum', 'chlorobasis']", tuber  geophyte,34
83,"['Colchicum', 'cilicicum']", tuber  geophyte,34
84,"['Colchicum', 'confusum']", tuber  geophyte,13
85,"['Colchicum', 'corsicum']", tuber  geophyte,12
86,"['Colchicum', 'cretense']", tuber  geophyte,13
87,"['Colchicum', 'crocifolium']", tuber  geophyte,34
88,"['Colchicum', 'cupanii']", tuber  geophyte,12 13 20
89,"['Colchicum', 'davisii']", tuber  geophyte,34
90,"['Colchicum', 'decaisnei']", tuber  geophyte,34
91,"['Colchicum', 'doerfleri']", tuber  geophyte,13
92,"['Colchicum', 'dolichantherum']", tuber  geophyte,34
93,"['Colchicum', 'eichleri']", tuber  geophyte,33
94,"['Colchicum', 'euboeum']", tuber  geophyte,13
95,"['Colchicum', 'fasciculare']", tuber  geophyte,34
96,"['Colchicum', 'feinbruniae']", tuber  geophyte,34
97,"['Colchicum', 'figlalii']", tuber  geophyte,34
98,"['Colchicum', 'filifolium']", tuber  geophyte,12 20
99,"['Colchicum', 'freynii']", tuber  geophyte,33 34
100,"['Colchicum', 'gonarei']", tuber  geophyte,12
101,"['Colchicum', 'gracile']", tuber  geophyte,13
102,"['Colchicum', 'graecum']", tuber  geophyte,13
103,"['Colchicum', 'greuteri']", tuber  geophyte,33
104,"['Colchicum', 'haynaldii']", tuber  geophyte,13
105,"['Colchicum', 'heldreichii']", tuber  geophyte,34
106,"['Colchicum', 'hierosolymitanum']", tuber  geophyte,34
107,"['Colchicum', 'hirsutum']", tuber  geophyte,34
108,"['Colchicum', 'hungaricum']", tuber  geophyte,11 13
109,"['Colchicum', 'ignescens']", tuber  geophyte,34
110,"['Colchicum', 'imperatoris-friderici']", tuber  geophyte,34
111,"['Colchicum', 'inundatum']", tuber  geophyte,34
112,"['Colchicum', 'kesselringii']", tuber  geophyte,32 34 40
113,"['Colchicum', 'kotschyi']", tuber  geophyte,34
114,"['Colchicum', 'kurdicum']", tuber  geophyte,34
115,"['Colchicum', 'laetum']", tuber  geophyte,14 33
116,"['Colchicum', 'lagotum']", tuber  geophyte,34
117,"['Colchicum', 'leptanthum']", tuber  geophyte,34
118,"['Colchicum', 'lingulatum']", tuber  geophyte,13 34
119,"['Colchicum', 'longifolium']", tuber  geophyte,12 13 20
120,"['Colchicum', 'lusitanum']", tuber  geophyte,12 13 20
121,"['Colchicum', 'luteum']", tuber  geophyte,32 34 36 40
122,"['Colchicum', 'macedonicum']", tuber  geophyte,13
123,"['Colchicum', 'macrophyllum']", tuber  geophyte,13 34
124,"['Colchicum', 'manissadjianii']", tuber  geophyte,33 34
125,"['Colchicum', 'maraschicum']", tuber  geophyte,34
126,"['Colchicum', 'micaceum']", tuber  geophyte,34
127,"['Colchicum', 'micranthum']", tuber  geophyte,13 34
128,"['Colchicum', 'minutum']", tuber  geophyte,34
129,"['Colchicum', 'mirzoevae']", tuber  geophyte,33
130,"['Colchicum', 'montanum']", tuber  geophyte,12
131,"['Colchicum', 'multiflorum']", tuber  geophyte,12
132,"['Colchicum', 'munzurense']", tuber  geophyte,34
133,"['Colchicum', 'nanum']", tuber  geophyte,12
134,"['Colchicum', 'neapolitanum']", tuber  geophyte,13
135,"['Colchicum', 'parlatoris']", tuber  geophyte,13
136,"['Colchicum', 'parnassicum']", tuber  geophyte,13
137,"['Colchicum', 'paschei']", tuber  geophyte,34
138,"['Colchicum', 'peloponnesiacum']", tuber  geophyte,13
139,"['Colchicum', 'persicum']", tuber  geophyte,34
140,"['Colchicum', 'polyphyllum']", tuber  geophyte,34
141,"['Colchicum', 'pulchellum']", tuber  geophyte,13
142,"['Colchicum', 'pusillum']", tuber  geophyte,13 34
143,"['Colchicum', 'raddeanum']", tuber  geophyte,33 34
144,"['Colchicum', 'rausii']", tuber  geophyte,13
145,"['Colchicum', 'ritchii']", tuber  geophyte,20 34 35
146,"['Colchicum', 'robustum']", tuber  geophyte,32 34 40
147,"['Colchicum', 'sanguicolle']", tuber  geophyte,34
148,"['Colchicum', 'schimperi']", tuber  geophyte,20 34 35
149,"['Colchicum', 'serpentinum']", tuber  geophyte,34
150,"['Colchicum', 'sfikasianum']", tuber  geophyte,13
151,"['Colchicum', 'sieheanum']", tuber  geophyte,34
152,"['Colchicum', 'soboliferum']", tuber  geophyte,13 32 33 34
153,"['Colchicum', 'speciosum']", tuber  geophyte,33 34
154,"['Colchicum', 'stevenii']", tuber  geophyte,34
155,"['Colchicum', 'szovitsii']", tuber  geophyte,13 32 33 34
156,"['Colchicum', 'trigynum']", tuber  geophyte,33 34
157,"['Colchicum', 'triphyllum']", tuber  geophyte,12 13 14 20 34
158,"['Colchicum', 'troodi']", tuber  geophyte,34
159,"['Colchicum', 'tunicatum']", tuber  geophyte,34
160,"['Colchicum', 'turcicum']", tuber  geophyte,13 34
161,"['Colchicum', 'tuviae']", tuber  geophyte,34
162,"['Colchicum', 'umbrosum']", tuber  geophyte,14 33 34
163,"['Colchicum', 'varians']", tuber  geophyte,34
164,"['Colchicum', 'variegatum']", tuber  geophyte,13 34
165,"['Colchicum', 'verlaqueae']", tuber  geophyte,12
166,"['Colchicum', 'wendelboi']", tuber  geophyte,34
167,"['Colchicum', 'woronowii']", tuber  geophyte,33
168,"['Colchicum', 'zahnii']", tuber  geophyte,13
169,"['Disporum', 'acuminatissimum']", geophyte  rhizome,36
170,"['Disporum', 'acuminatum']", geophyte  rhizome,41
171,"['Disporum', 'bodinieri']", geophyte  rhizome,36
172,"['Disporum', 'calcaratum']", geophyte  rhizome,36 40 41
173,"['Disporum', 'cantoniense']", geophyte  rhizome,36 40 41 42
174,"['Disporum', 'hainanense']", geophyte  rhizome,36
175,"['Disporum', 'jinfoshanense']", tuber  geophyte,36
176,"['Disporum', 'kawakamii']", geophyte  rhizome,38
177,"['Disporum', 'leucanthum']", geophyte  rhizome,36 40
178,"['Disporum', 'longistylum']", geophyte  rhizome,36 40
179,"['Disporum', 'lutescens']", geophyte  rhizome,38
180,"['Disporum', 'megalanthum']", geophyte  rhizome,36
181,"['Disporum', 'nantouense']", geophyte  rhizome,38
182,"['Disporum', 'sessile']", geophyte  rhizome,31 38
183,"['Disporum', 'shimadae']", geophyte  rhizome,38
184,"['Disporum', 'smilacinum']", geophyte  rhizome,31 36 38
185,"['Disporum', 'tonkinense']", geophyte  rhizome,41
186,"['Disporum', 'trabeculatum']", geophyte  rhizome,36 41
187,"['Disporum', 'uniflorum']", geophyte  rhizome,36 38
188,"['Disporum', 'viridescens']", geophyte  rhizome,31 36 38
189,"['Gloriosa', 'baudii']", tuber  geophyte,24 25
190,"['Gloriosa', 'carsonii']", tuber  geophyte,23 24 25 26 27
191,"['Gloriosa', 'flavovirens']", tuber  geophyte,26
192,"['Gloriosa', 'lindenii']", tuber  geophyte,23 25 26
193,"['Gloriosa', 'littonioides']", tuber  geophyte,23 25 26
194,"['Gloriosa', 'modesta']", tuber  geophyte,26 27
195,"['Gloriosa', 'revoilii']", tuber  geophyte,24 35
196,"['Gloriosa', 'rigidifolia']", tuber  geophyte,27
197,"['Gloriosa', 'sessiliflora']", tuber  geophyte,26 27
198,"['Gloriosa', 'simplex']", tuber  geophyte,22 23 24 25 26 27 29
199,"['Gloriosa', 'superba']", tuber  geophyte,22 23 24 25 26 27 29 36 40 41 42
200,"['Hexacyrtis', 'dickiana']", tuber  geophyte,27
201,"['Iphigenia', 'boinensis']", tuber  geophyte,29
202,"['Iphigenia', 'indica']", tuber  geophyte,36 40 41 42 43 50
203,"['Iphigenia', 'magnifica']", tuber  geophyte,40
204,"['Iphigenia', 'mysorensis']", tuber  geophyte,40
205,"['Iphigenia', 'oliveri']", tuber  geophyte,24 25 26 27 35
206,"['Iphigenia', 'pallida']", tuber  geophyte,40
207,"['Iphigenia', 'pauciflora']", tuber  geophyte,22 23 24 25 26
208,"['Iphigenia', 'robusta']", tuber  geophyte,29
209,"['Iphigenia', 'sahyadrica']", tuber  geophyte,40
210,"['Iphigenia', 'socotrana']", tuber  geophyte,24
211,"['Iphigenia', 'stellata']", tuber  geophyte,40
212,"['Kuntheria', 'pedunculata']", rhizome  nanophan,50
213,"['Ornithoglossum', 'calcicola']", tuber  geophyte,27
214,"['Ornithoglossum', 'dinteri']", tuber  geophyte,27
215,"['Ornithoglossum', 'gracile']", tuber  geophyte,27
216,"['Ornithoglossum', 'parviflorum']", tuber  geophyte,27
217,"['Ornithoglossum', 'pulchrum']", tuber  geophyte,27
218,"['Ornithoglossum', 'undulatum']", tuber  geophyte,27
219,"['Ornithoglossum', 'viride']", tuber  geophyte,27
220,"['Ornithoglossum', 'vulgare']", tuber  geophyte,25 26 27
221,"['Ornithoglossum', 'zeyheri']", tuber  geophyte,27
222,"['Sandersonia', 'aurantiaca']", geophyte  bulb  hel.,27
223,"['Schelhammera', 'multiflora']", geophyte  rhizome,43 50
224,"['Schelhammera', 'undulata']", geophyte  rhizome,50
225,"['Tripladenia', 'cunninghamii']", geophyte  rhizome,50
226,"['Uvularia', 'floridana']", geophyte  rhizome,78
227,"['Uvularia', 'grandiflora']", geophyte  rhizome,71 72 74 75 78
228,"['Uvularia', 'perfoliata']", geophyte  rhizome,72 75 77 78
229,"['Uvularia', 'puberula']", geophyte  rhizome,75 78
230,"['Uvularia', 'sessilifolia']", geophyte  rhizome,71 72 74 75 77 78
231,"['Wurmbea', 'angustifolia']", tuber  geophyte,26 27
232,"['Wurmbea', 'australis']", tuber  geophyte,50
233,"['Wurmbea', 'biglandulosa']", tuber  geophyte,50
234,"['Wurmbea', 'burttii']", tuber  geophyte,27
235,"['Wurmbea', 'calcicola']", tuber  geophyte,50
236,"['Wurmbea', 'capensis']", tuber  geophyte,27
237,"['Wurmbea', 'centralis']", tuber  geophyte,50
238,"['Wurmbea', 'cernua']", tuber  geophyte,50
239,"['Wurmbea', 'citrina']", tuber  geophyte,50
240,"['Wurmbea', 'compacta']", tuber  geophyte,27
241,"['Wurmbea', 'decumbens']", tuber  geophyte,50
242,"['Wurmbea', 'densiflora']", tuber  geophyte,50
243,"['Wurmbea', 'deserticola']", tuber  geophyte,50
244,"['Wurmbea', 'dilatata']", tuber  geophyte,50
245,"['Wurmbea', 'dioica']", tuber  geophyte,50
246,"['Wurmbea', 'dolichantha']", tuber  geophyte,27
247,"['Wurmbea', 'drummondii']", tuber  geophyte,50
248,"['Wurmbea', 'elatior']", tuber  geophyte,27
249,"['Wurmbea', 'elongata']", tuber  geophyte,27
250,"['Wurmbea', 'fluviatilis']", tuber  geophyte,50
251,"['Wurmbea', 'glassii']", tuber  geophyte,27
252,"['Wurmbea', 'graniticola']", tuber  geophyte,50
253,"['Wurmbea', 'hiemalis']", tuber  geophyte,27
254,"['Wurmbea', 'inflata']", tuber  geophyte,50
255,"['Wurmbea', 'inframediana']", tuber  geophyte,50
256,"['Wurmbea', 'inusta']", tuber  geophyte,27
257,"['Wurmbea', 'kraussii']", tuber  geophyte,27
258,"['Wurmbea', 'latifolia']", tuber  geophyte,50
259,"['Wurmbea', 'marginata']", tuber  geophyte,27
260,"['Wurmbea', 'minima']", tuber  geophyte,27
261,"['Wurmbea', 'monantha']", tuber  geophyte,50
262,"['Wurmbea', 'monopetala']", tuber  geophyte,27
263,"['Wurmbea', 'murchisoniana']", tuber  geophyte  hel.,50
264,"['Wurmbea', 'nilpinna']", tuber  geophyte,50
265,"['Wurmbea', 'novae-zelandiae']", tuber  geophyte,51
266,"['Wurmbea', 'odorata']", tuber  geophyte,50
267,"['Wurmbea', 'punctata']", tuber  geophyte,27
268,"['Wurmbea', 'pusilla']", tuber  geophyte,27
269,"['Wurmbea', 'pygmaea']", tuber  geophyte,50
270,"['Wurmbea', 'recurva']", tuber  geophyte,27
271,"['Wurmbea', 'robusta']", tuber  geophyte,27
272,"['Wurmbea', 'saccata']", tuber  geophyte,50
273,"['Wurmbea', 'sinora']", tuber  geophyte,50
274,"['Wurmbea', 'spicata']", tuber  geophyte,27
275,"['Wurmbea', 'stellata']", tuber  geophyte,50
276,"['Wurmbea', 'stricta']", tuber  geophyte,27
277,"['Wurmbea', 'tenella']", tuber  geophyte,50
278,"['Wurmbea', 'tenuis']", tuber  geophyte,22 23 25 26 27
279,"['Wurmbea', 'tubulosa']", tuber  geophyte,50
280,"['Wurmbea', 'uniflora']", tuber  geophyte,50
281,"['Wurmbea', 'variabilis']", tuber  geophyte,27
282,"['Petermannia', 'cirrosa']", cl.,50
283,"['Alstroemeria', 'achirae']", tuber  geophyte,85
284,"['Alstroemeria', 'albescens']", tuber  geophyte,84
285,"['Alstroemeria', 'altoparadisea']", tuber  geophyte,84
286,"['Alstroemeria', 'amabilis']", tuber  geophyte,84
287,"['Alstroemeria', 'amazonica']", tuber  geophyte,82 84
288,"['Alstroemeria', 'andina']", tuber  geophyte,85
289,"['Alstroemeria', 'angustifolia']", tuber  geophyte,85
290,"['Alstroemeria', 'annapolina']", tuber  geophyte,84
291,"['Alstroemeria', 'apertiflora']", tuber  geophyte,84 85
292,"['Alstroemeria', 'aquidauanica']", tuber  geophyte,84
293,"['Alstroemeria', 'arnicana']", tuber  geophyte,84
294,"['Alstroemeria', 'aulica']", tuber  geophyte,85
295,"['Alstroemeria', 'aurea']", tuber  geophyte,85
296,"['Alstroemeria', 'bahiensis']", tuber  geophyte,84
297,"['Alstroemeria', 'bakeri']", tuber  geophyte,85
298,"['Alstroemeria', 'bilabiata']", tuber  geophyte,85
299,"['Alstroemeria', 'brasiliensis']", tuber  geophyte,84
300,"['Alstroemeria', 'burchellii']", tuber  geophyte,84
301,"['Alstroemeria', 'cabralensis']", tuber  geophyte,84
302,"['Alstroemeria', 'caiaponica']", tuber  geophyte,84
303,"['Alstroemeria', 'calliantha']", tuber  geophyte,84
304,"['Alstroemeria', 'cantillanica']", tuber  geophyte,85
305,"['Alstroemeria', 'capixaba']", tuber  geophyte,84
306,"['Alstroemeria', 'caryophyllaea']", tuber  geophyte,84
307,"['Alstroemeria', 'chapadensis']", tuber  geophyte,84
308,"['Alstroemeria', 'chorillensis']", tuber  geophyte,83
309,"['Alstroemeria', 'crispata']", tuber  geophyte,85
310,"['Alstroemeria', 'cuiabana']", tuber  geophyte,84
311,"['Alstroemeria', 'cultrifolia']", tuber  geophyte,84
312,"['Alstroemeria', 'cunha']", tuber  geophyte,84
313,"['Alstroemeria', 'decora']", tuber  geophyte,85
314,"['Alstroemeria', 'diluta']", tuber  geophyte,85
315,"['Alstroemeria', 'discolor']", tuber  geophyte,85
316,"['Alstroemeria', 'douradensis']", tuber  geophyte,84
317,"['Alstroemeria', 'espigonensis']", tuber  geophyte,84
318,"['Alstroemeria', 'exserens']", tuber  geophyte,85
319,"['Alstroemeria', 'fiebrigiana']", tuber  geophyte,83
320,"['Alstroemeria', 'foliosa']", tuber  geophyte,84 85
321,"['Alstroemeria', 'fuscovinosa']", tuber  geophyte,84
322,"['Alstroemeria', 'garaventae']", tuber  geophyte,85
323,"['Alstroemeria', 'gardneri']", tuber  geophyte,84
324,"['Alstroemeria', 'glaucandra']", tuber  geophyte,85
325,"['Alstroemeria', 'gouveiana']", tuber  geophyte,84
326,"['Alstroemeria', 'graminea']", tuber  geophyte,85
327,"['Alstroemeria', 'hookeri']", tuber  geophyte,85
328,"['Alstroemeria', 'huemulina']", tuber  geophyte,85
329,"['Alstroemeria', 'ibitipocae']", tuber  geophyte,84
330,"['Alstroemeria', 'igarapavica']", tuber  geophyte,84
331,"['Alstroemeria', 'inodora']", tuber  geophyte,84
332,"['Alstroemeria', 'isabelleana']", tuber  geophyte,84 85
333,"['Alstroemeria', 'itabiritensis']", tuber  geophyte,84
334,"['Alstroemeria', 'itatiaica']", tuber  geophyte,84
335,"['Alstroemeria', 'jocunda']", tuber  geophyte,85
336,"['Alstroemeria', 'julieae']", tuber  geophyte,84
337,"['Alstroemeria', 'kingii']", tuber  geophyte,85
338,"['Alstroemeria', 'lactilutea']", tuber  geophyte,85
339,"['Alstroemeria', 'landimana']", tuber  geophyte,84
340,"['Alstroemeria', 'leporina']", tuber  geophyte,85
341,"['Alstroemeria', 'ligtu']", tuber  geophyte,83 85
342,"['Alstroemeria', 'litterata']", tuber  geophyte,84
343,"['Alstroemeria', 'longaviensis']", tuber  geophyte,85
344,"['Alstroemeria', 'longistaminea']", tuber  geophyte,84
345,"['Alstroemeria', 'longistyla']", tuber  geophyte,84
346,"['Alstroemeria', 'lutea']", tuber  geophyte,85
347,"['Alstroemeria', 'magna']", tuber  geophyte,85
348,"['Alstroemeria', 'magnifica']", tuber  geophyte,85
349,"['Alstroemeria', 'malmeana']", tuber  geophyte,84
350,"['Alstroemeria', 'marticorenae']", tuber  geophyte,85
351,"['Alstroemeria', 'modesta']", tuber  geophyte,85
352,"['Alstroemeria', 'mollensis']", tuber  geophyte,85
353,"['Alstroemeria', 'monantha']", tuber  geophyte,85
354,"['Alstroemeria', 'monticola']", tuber  geophyte,84
355,"['Alstroemeria', 'nidularis']", tuber  geophyte,85
356,"['Alstroemeria', 'nivea']", tuber  geophyte,85
357,"['Alstroemeria', 'ochracea']", tuber  geophyte,84
358,"['Alstroemeria', 'orchidioides']", tuber  geophyte,84
359,"['Alstroemeria', 'oreas']", tuber  geophyte,85
360,"['Alstroemeria', 'pallida']", tuber  geophyte,85
361,"['Alstroemeria', 'paraensis']", tuber  geophyte,84
362,"['Alstroemeria', 'patagonica']", tuber  geophyte,85
363,"['Alstroemeria', 'paupercula']", tuber  geophyte,83 85
364,"['Alstroemeria', 'pelegrina']", tuber  geophyte,83 85
365,"['Alstroemeria', 'penduliflora']", tuber  geophyte,84
366,"['Alstroemeria', 'philippii']", tuber  geophyte,85
367,"['Alstroemeria', 'piauhyensis']", tuber  geophyte,84
368,"['Alstroemeria', 'plantaginea']", tuber  geophyte,82 84
369,"['Alstroemeria', 'poetica']", tuber  geophyte,85
370,"['Alstroemeria', 'polpaicana']", tuber  geophyte,85
371,"['Alstroemeria', 'polyphylla']", tuber  geophyte,85
372,"['Alstroemeria', 'presliana']", tuber  geophyte,85
373,"['Alstroemeria', 'pseudospathulata']", tuber  geophyte,85
374,"['Alstroemeria', 'psittacina']", tuber  geophyte,84 85
375,"['Alstroemeria', 'pubiflora']", tuber  geophyte,84
376,"['Alstroemeria', 'pudica']", tuber  geophyte,85
377,"['Alstroemeria', 'pulchra']", tuber  geophyte,85
378,"['Alstroemeria', 'punctata']", tuber  geophyte,84
379,"['Alstroemeria', 'pygmaea']", tuber  geophyte,83 85
380,"['Alstroemeria', 'radula']", tuber  geophyte,84
381,"['Alstroemeria', 'recumbens']", tuber  geophyte,85
382,"['Alstroemeria', 'revoluta']", tuber  geophyte,85
383,"['Alstroemeria', 'ribeirensis']", tuber  geophyte,84
384,"['Alstroemeria', 'roseoviridis']", tuber  geophyte,84
385,"['Alstroemeria', 'rupestris']", tuber  geophyte,84
386,"['Alstroemeria', 'sabulosa']", tuber  geophyte,85
387,"['Alstroemeria', 'schizanthoides']", tuber  geophyte,85
388,"['Alstroemeria', 'sellowiana']", tuber  geophyte,84
389,"['Alstroemeria', 'spathulata']", tuber  geophyte,85
390,"['Alstroemeria', 'speciosa']", tuber  geophyte,84
391,"['Alstroemeria', 'spectabilis']", tuber  geophyte,85
392,"['Alstroemeria', 'stenopetala']", tuber  geophyte,84
393,"['Alstroemeria', 'stenophylla']", tuber  geophyte,84
394,"['Alstroemeria', 'stramonia']", tuber  geophyte,84
395,"['Alstroemeria', 'talcaensis']", tuber  geophyte,85
396,"['Alstroemeria', 'timida']", tuber  geophyte,85
397,"['Alstroemeria', 'tombolatoana']", tuber  geophyte,84
398,"['Alstroemeria', 'umbellata']", tuber  geophyte,85
399,"['Alstroemeria', 'variegata']", tuber  geophyte,84
400,"['Alstroemeria', 'venusta']", tuber  geophyte,85
401,"['Alstroemeria', 'versicolor']", tuber  geophyte,85
402,"['Alstroemeria', 'virginalis']", tuber  geophyte,85
403,"['Alstroemeria', 'viridiflora']", tuber  geophyte,84
404,"['Alstroemeria', 'werdermannii']", tuber  geophyte,85
405,"['Alstroemeria', 'xavantinensis']", tuber  geophyte,84
406,"['Alstroemeria', 'yaelae']", tuber  geophyte,85
407,"['Alstroemeria', 'zoellneri']", tuber  geophyte,85
408,"['Bomarea', 'acutifolia']", geophyte  rhizome,79 80
409,"['Bomarea', 'albimontana']", geophyte  rhizome,83
410,"['Bomarea', 'alstroemerioides']", tuber  geophyte  cl.,83
411,"['Bomarea', 'amazonica']", tuber  geophyte  cl.,83
412,"['Bomarea', 'amilcariana']", tuber  geophyte,82
413,"['Bomarea', 'ampayesana']", tuber  geophyte,83
414,"['Bomarea', 'anceps']", geophyte  rhizome,83
415,"['Bomarea', 'andimarcana']", tuber  geophyte,83
416,"['Bomarea', 'andreana']", geophyte  rhizome,80 82 83
417,"['Bomarea', 'angulata']", tuber  geophyte,83
418,"['Bomarea', 'angustissima']", geophyte  rhizome,83
419,"['Bomarea', 'aurantiaca']", geophyte  rhizome,83
420,"['Bomarea', 'boliviensis']", geophyte  rhizome,83 85
421,"['Bomarea', 'brachysepala']", geophyte  rhizome,83
422,"['Bomarea', 'bracteata']",,83
423,"['Bomarea', 'bracteolata']", geophyte  rhizome,80
424,"['Bomarea', 'bredemeyeriana']", tuber  geophyte  cl.,82 83
425,"['Bomarea', 'brevis']", geophyte  rhizome,83
426,"['Bomarea', 'callejasiana']", tuber  geophyte  cl.,83
427,"['Bomarea', 'campanularia']", tuber  geophyte,83
428,"['Bomarea', 'campylophylla']", geophyte  rhizome,83
429,"['Bomarea', 'carderi']", geophyte  rhizome,80 83
430,"['Bomarea', 'caucana']", tuber  geophyte,83
431,"['Bomarea', 'caudata']", geophyte  rhizome,83
432,"['Bomarea', 'caudatisepala']", geophyte  rhizome  cl.,80
433,"['Bomarea', 'ceratophora']", tuber  geophyte,83
434,"['Bomarea', 'chaparensis']", tuber  geophyte,83
435,"['Bomarea', 'chimboracensis']", geophyte  rhizome,83
436,"['Bomarea', 'chiriquina']", geophyte  rhizome,80
437,"['Bomarea', 'coccinea']", geophyte  rhizome,83
438,"['Bomarea', 'colombiana']", tuber  geophyte  cl.,83
439,"['Bomarea', 'cordifolia']", geophyte  rhizome,83
440,"['Bomarea', 'cornigera']", geophyte  rhizome,83
441,"['Bomarea', 'cornuta']", tuber  geophyte,83
442,"['Bomarea', 'costaricensis']", geophyte  rhizome,80
443,"['Bomarea', 'crassifolia']", geophyte  rhizome  cl.,82 83
444,"['Bomarea', 'crinita']", geophyte  rhizome,83
445,"['Bomarea', 'crocea']", geophyte  rhizome  cl.,83
446,"['Bomarea', 'densiflora']", tuber  geophyte,83
447,"['Bomarea', 'denticulata']", geophyte  rhizome,83
448,"['Bomarea', 'diffracta']", geophyte  rhizome,83
449,"['Bomarea', 'dispar']", geophyte  rhizome,83
450,"['Bomarea', 'dissitifolia']", tuber  geophyte,83
451,"['Bomarea', 'distichifolia']", geophyte  rhizome,83
452,"['Bomarea', 'dolichocarpa']", tuber  geophyte,83
453,"['Bomarea', 'dulcis']", geophyte  rhizome,83 85
454,"['Bomarea', 'edulis']", tuber  geophyte,79 80 81 82 83 84 85
455,"['Bomarea', 'endotrachys']", geophyte  rhizome  cl.,83
456,"['Bomarea', 'engleriana']", geophyte  rhizome,83
457,"['Bomarea', 'euryantha']", tuber  geophyte,83
458,"['Bomarea', 'euryphylla']", tuber  geophyte,83
459,"['Bomarea', 'evecta']", geophyte  rhizome,83
460,"['Bomarea', 'ferreyrae']", geophyte  rhizome,83
461,"['Bomarea', 'foertheriana']", tuber  geophyte  cl.,83
462,"['Bomarea', 'formosissima']", geophyte  rhizome,83
463,"['Bomarea', 'glaucescens']", tuber  geophyte,83
464,"['Bomarea', 'goniocaulon']", tuber  geophyte,83
465,"['Bomarea', 'graminifolia']", tuber  geophyte,83
466,"['Bomarea', 'hartwegii']", geophyte  rhizome,83
467,"['Bomarea', 'herbertiana']", geophyte  rhizome,83
468,"['Bomarea', 'herrerae']", geophyte  rhizome,83
469,"['Bomarea', 'hieronymi']", geophyte  rhizome,83
470,"['Bomarea', 'hirsuta']", tuber  geophyte,80 83
471,"['Bomarea', 'huanuco']", tuber  geophyte  cl.,83
472,"['Bomarea', 'inaequalis']", geophyte  rhizome,83
473,"['Bomarea', 'involucrosa']", tuber  geophyte,83
474,"['Bomarea', 'kraenzlinii']", geophyte  rhizome,83
475,"['Bomarea', 'lancifolia']", tuber  geophyte,83
476,"['Bomarea', 'latifolia']",,83
477,"['Bomarea', 'libertadensis']", tuber  geophyte  cl.,83
478,"['Bomarea', 'linifolia']", geophyte  rhizome,83
479,"['Bomarea', 'longipes']", tuber  geophyte,83
480,"['Bomarea', 'longistyla']", geophyte  rhizome,83
481,"['Bomarea', 'lopezii']", tuber  geophyte  cl.,82
482,"['Bomarea', 'lutea']", tuber  geophyte,83
483,"['Bomarea', 'macrocephala']", tuber  geophyte,83 85
484,"['Bomarea', 'macusanii']", tuber  geophyte  cl.,83
485,"['Bomarea', 'moritziana']", tuber  geophyte,82 83
486,"['Bomarea', 'multiflora']", tuber  geophyte,83
487,"['Bomarea', 'multipes']", tuber  geophyte,83
488,"['Bomarea', 'nematocaulon']", geophyte  rhizome,83
489,"['Bomarea', 'nervosa']", geophyte  rhizome,83
490,"['Bomarea', 'nubigena']", geophyte  rhizome,83
491,"['Bomarea', 'obovata']", tuber  geophyte,80 83
492,"['Bomarea', 'ovallei']", geophyte  rhizome,85
493,"['Bomarea', 'ovata']", tuber  geophyte,83 85
494,"['Bomarea', 'oxytepala']", tuber  geophyte,83
495,"['Bomarea', 'pardina']", geophyte  rhizome,83
496,"['Bomarea', 'parvifolia']", geophyte  rhizome,83
497,"['Bomarea', 'patacocensis']", tuber  geophyte,83
498,"['Bomarea', 'patinii']", tuber  geophyte,83
499,"['Bomarea', 'pauciflora']", tuber  geophyte  cl.,82 83
500,"['Bomarea', 'perglabra']", tuber  geophyte,83
501,"['Bomarea', 'peruviana']", geophyte  rhizome,83
502,"['Bomarea', 'porrecta']", geophyte  rhizome,83
503,"['Bomarea', 'pseudopurpurea']", tuber  geophyte  cl.,83
504,"['Bomarea', 'pudibunda']", geophyte  rhizome,83
505,"['Bomarea', 'pumila']", geophyte  rhizome,83
506,"['Bomarea', 'puracensis']", tuber  geophyte  cl.,83
507,"['Bomarea', 'purpurea']", tuber  geophyte  cl.,82 83
508,"['Bomarea', 'rinconii']",,80
509,"['Bomarea', 'rosea']", geophyte  rhizome,83
510,"['Bomarea', 'salicifolia']", geophyte  rhizome,82
511,"['Bomarea', 'salsilla']", geophyte  rhizome,85
512,"['Bomarea', 'secundifolia']", geophyte  rhizome  epiphyt,83
513,"['Bomarea', 'setacea']", tuber  geophyte,83
514,"['Bomarea', 'shuttleworthii']", geophyte  rhizome,83
515,"['Bomarea', 'speciosa']", geophyte  rhizome,83
516,"['Bomarea', 'spissiflora']", tuber  geophyte,83
517,"['Bomarea', 'stans']", geophyte  rhizome,83 85
518,"['Bomarea', 'suberecta']", geophyte  rhizome,80
519,"['Bomarea', 'superba']", geophyte  rhizome,83
520,"['Bomarea', 'tarmensis']", geophyte  rhizome,83
521,"['Bomarea', 'torta']", geophyte  rhizome,83
522,"['Bomarea', 'tribrachiata']", tuber  geophyte,83
523,"['Bomarea', 'trichophylla']", geophyte  rhizome,83
524,"['Bomarea', 'trimorphophylla']", tuber  geophyte,83
525,"['Bomarea', 'truxillensis']", geophyte  rhizome  cl.,82
526,"['Bomarea', 'uncifolia']", geophyte  rhizome,83
527,"['Bomarea', 'vargasii']", tuber  geophyte,83
528,"['Bomarea', 'velascoana']", tuber  geophyte,83
529,"['Bomarea', 'vitellina']", geophyte  rhizome,83
530,"['Bomarea', 'weigendii']", tuber  geophyte  cl.,83
531,"['Drymophila', 'cyanocarpa']", geophyte  rhizome,50
532,"['Drymophila', 'moorei']", geophyte  rhizome,50
533,"['Luzuriaga', 'marginata']", cham,85 90
534,"['Luzuriaga', 'parviflora']", hemicr,51
535,"['Luzuriaga', 'polyphylla']", hemicr,85
536,"['Luzuriaga', 'radicans']", hemicr,85
537,"['Amianthium', 'muscitoxicum']", hemicr,74 75 78
538,"['Anticlea', 'elegans']", geophyte  bulb,70 71 72 73 74 75 76 77 78 79
539,"['Anticlea', 'frigida']", geophyte  bulb,79
540,"['Anticlea', 'hintoniorum']", geophyte  bulb,79
541,"['Anticlea', 'mogollonensis']", geophyte  bulb,77
542,"['Anticlea', 'neglecta']", geophyte  bulb,79
543,"['Anticlea', 'occidentalis']", geophyte  bulb,71 73 76
544,"['Anticlea', 'sachalinensis']", geophyte  bulb,31
545,"['Anticlea', 'sibirica']", geophyte  bulb,14 30 31 36 37 38
546,"['Anticlea', 'virescens']", geophyte  bulb,73 76 77 79
547,"['Anticlea', 'volcanica']", geophyte  bulb,79 80
548,"['Chamaelirium', 'luteum']", geophyte  rhizome  hemicr,72 74 75 78
549,"['Chionographis', 'actinomorpha']", hemicr,41
550,"['Chionographis', 'chinensis']", hemicr,36
551,"['Chionographis', 'cordifolia']", hemicr,38
552,"['Chionographis', 'hisauchiana']", hemicr,38
553,"['Chionographis', 'japonica']", hemicr,38
554,"['Chionographis', 'koidzumiana']", hemicr,38
555,"['Chionographis', 'nanlingensis']", hemicr,36
556,"['Chionographis', 'shiwandashanensis']", hemicr,36
557,"['Helonias', 'bullata']", hemicr,75 78
558,"['Heloniopsis', 'breviscapa']", geophyte  rhizome,38
559,"['Heloniopsis', 'kawanoi']", geophyte  rhizome  hemicr,38
560,"['Heloniopsis', 'koreana']", geophyte  rhizome  hemicr,38
561,"['Heloniopsis', 'leucantha']", geophyte  rhizome  hemicr,38
562,"['Heloniopsis', 'orientalis']", geophyte  rhizome,31 38
563,"['Heloniopsis', 'tubiflora']", geophyte  rhizome  hemicr,38
564,"['Heloniopsis', 'umbellata']", geophyte  rhizome  hemicr,38
565,"['Paris', 'axialis']", geophyte  rhizome,36
566,"['Paris', 'bashanensis']", geophyte  rhizome,36
567,"['Paris', 'caobangensis']", hemicr,41
568,"['Paris', 'cronquistii']", geophyte  rhizome,36 41
569,"['Paris', 'daliensis']", geophyte  rhizome,36
570,"['Paris', 'delavayi']", geophyte  rhizome,36 41
571,"['Paris', 'dulongensis']", geophyte  rhizome,36
572,"['Paris', 'dunniana']", geophyte  rhizome,36 41
573,"['Paris', 'fargesii']", geophyte  rhizome,36 40 41
574,"['Paris', 'forrestii']", geophyte  rhizome,36 41
575,"['Paris', 'guizhouensis']", geophyte  rhizome,36
576,"['Paris', 'incompleta']", geophyte  rhizome,33 34
577,"['Paris', 'japonica']", geophyte  rhizome,38
578,"['Paris', 'luquanensis']", geophyte  rhizome,36
579,"['Paris', 'mairei']", geophyte  rhizome,36
580,"['Paris', 'marmorata']", geophyte  rhizome,36 40
581,"['Paris', 'polyandra']", geophyte  rhizome,36
582,"['Paris', 'polyphylla']", geophyte  rhizome,36 38 40 41
583,"['Paris', 'quadrifolia']", geophyte  rhizome,10 11 12 13 14 30 32 33 34 36 37
584,"['Paris', 'rugosa']", geophyte  rhizome,36
585,"['Paris', 'stigmatosa']", geophyte  rhizome,36
586,"['Paris', 'tetraphylla']", geophyte  rhizome,38
587,"['Paris', 'thibetica']", geophyte  rhizome,36 40 41
588,"['Paris', 'undulata']", geophyte  rhizome,36
589,"['Paris', 'vaniotii']", geophyte  rhizome,36 41
590,"['Paris', 'verticillata']", geophyte  rhizome,30 31 36 37 38
591,"['Paris', 'vietnamensis']", geophyte  rhizome,36 41
592,"['Pseudotrillium', 'rivale']", geophyte  rhizome,73 76
593,"['Schoenocaulon', 'calcicola']", geophyte  bulb,79
594,"['Schoenocaulon', 'caricifolium']", geophyte  bulb,79
595,"['Schoenocaulon', 'comatum']", geophyte  bulb,79
596,"['Schoenocaulon', 'conzattii']", geophyte  bulb,79
597,"['Schoenocaulon', 'dubium']", geophyte  bulb,78
598,"['Schoenocaulon', 'frameae']", geophyte  bulb,79
599,"['Schoenocaulon', 'ghiesbreghtii']", geophyte  bulb,77 79
600,"['Schoenocaulon', 'ignigenum']", geophyte  bulb,79
601,"['Schoenocaulon', 'intermedium']", geophyte  bulb,79
602,"['Schoenocaulon', 'jaliscense']", geophyte  bulb,79
603,"['Schoenocaulon', 'macrocarpum']", geophyte  bulb,79
604,"['Schoenocaulon', 'madidorum']", geophyte  bulb,79
605,"['Schoenocaulon', 'megarrhizum']", geophyte  bulb,79
606,"['Schoenocaulon', 'mortonii']", geophyte  bulb,79
607,"['Schoenocaulon', 'oaxacense']", geophyte  bulb,79
608,"['Schoenocaulon', 'obtusum']", geophyte  bulb,79
609,"['Schoenocaulon', 'officinale']", geophyte  bulb,79 80 82
610,"['Schoenocaulon', 'pellucidum']", geophyte  bulb,79
611,"['Schoenocaulon', 'plumosum']", geophyte  bulb,79
612,"['Schoenocaulon', 'pringlei']", geophyte  bulb,79
613,"['Schoenocaulon', 'rzedowskii']", geophyte  bulb,79
614,"['Schoenocaulon', 'tenorioi']", geophyte  bulb,79
615,"['Schoenocaulon', 'tenue']", geophyte  bulb,79
616,"['Schoenocaulon', 'tenuifolium']", geophyte  bulb,79
617,"['Schoenocaulon', 'texanum']", geophyte  bulb,77 79
618,"['Schoenocaulon', 'tigrense']", geophyte  bulb,79
619,"['Stenanthium', 'densum']", geophyte  bulb,75 77 78
620,"['Stenanthium', 'diffusum']", geophyte  bulb,78
621,"['Stenanthium', 'gramineum']", geophyte  bulb,74 75 77 78
622,"['Toxicoscordion', 'brevibracteatum']", geophyte  bulb,76 79
623,"['Toxicoscordion', 'exaltatum']", geophyte  bulb,76
624,"['Toxicoscordion', 'fontanum']", geophyte  bulb,76
625,"['Toxicoscordion', 'fremontii']", geophyte  bulb,73 76 79
626,"['Toxicoscordion', 'micranthum']", geophyte  bulb,73 76
627,"['Toxicoscordion', 'nuttallii']", geophyte  bulb,74 77 78
628,"['Toxicoscordion', 'paniculatum']", geophyte  bulb,73 76 77 79
629,"['Toxicoscordion', 'venenosum']", geophyte  bulb,71 73 74 76 77 79
630,"['Trillium', 'albidum']", geophyte  rhizome,73 76
631,"['Trillium', 'angustipetalum']", geophyte  rhizome,76
632,"['Trillium', 'apetalon']", geophyte  rhizome,31 38
633,"['Trillium', 'camschatcense']", geophyte  rhizome,31 36 38
634,"['Trillium', 'catesbaei']", geophyte  rhizome,78
635,"['Trillium', 'cernuum']", geophyte  rhizome,71 72 74 75 78
636,"['Trillium', 'channellii']", geophyte  rhizome,38
637,"['Trillium', 'chloropetalum']", geophyte  rhizome,76
638,"['Trillium', 'cuneatum']", geophyte  rhizome,74 78
639,"['Trillium', 'decipiens']", geophyte  rhizome,78
640,"['Trillium', 'decumbens']", geophyte  rhizome,78
641,"['Trillium', 'discolor']", geophyte  rhizome,78
642,"['Trillium', 'erectum']", geophyte  rhizome,72 74 75 78
643,"['Trillium', 'flexipes']", geophyte  rhizome,72 74 75 78
644,"['Trillium', 'foetidissimum']", geophyte  rhizome,78
645,"['Trillium', 'govanianum']", geophyte  rhizome,34 36 40
646,"['Trillium', 'gracile']", geophyte  rhizome,77 78
647,"['Trillium', 'grandiflorum']", geophyte  rhizome,72 74 75 78
648,"['Trillium', 'kurabayashii']", geophyte  rhizome,73 76
649,"['Trillium', 'lancifolium']", geophyte  rhizome,78
650,"['Trillium', 'ludovicianum']", geophyte  rhizome,78
651,"['Trillium', 'luteum']", geophyte  rhizome,78
652,"['Trillium', 'maculatum']", geophyte  rhizome,78
653,"['Trillium', 'nivale']", geophyte  rhizome,74 75 78
654,"['Trillium', 'oostingii']", geophyte  rhizome,78
655,"['Trillium', 'ovatum']", geophyte  rhizome,71 73 76
656,"['Trillium', 'ovatum']", geophyte  rhizome,71
657,"['Trillium', 'persistens']", geophyte  rhizome,78
658,"['Trillium', 'petiolatum']", geophyte  rhizome,73
659,"['Trillium', 'pusillum']", geophyte  rhizome,74 75 77 78
660,"['Trillium', 'recurvatum']", geophyte  rhizome,74 75 77 78
661,"['Trillium', 'reliquum']", geophyte  rhizome,78
662,"['Trillium', 'rugelii']", geophyte  rhizome,78
663,"['Trillium', 'sessile']", geophyte  rhizome,74 75 78
664,"['Trillium', 'simile']", geophyte  rhizome,78
665,"['Trillium', 'smallii']", geophyte  rhizome,31 38
666,"['Trillium', 'stamineum']", geophyte  rhizome,78
667,"['Trillium', 'sulcatum']", geophyte  rhizome,75 78
668,"['Trillium', 'taiwanense']", geophyte  rhizome,38
669,"['Trillium', 'tschonoskii']", geophyte  rhizome,31 36 38 40 41
670,"['Trillium', 'underwoodii']", geophyte  rhizome,78
671,"['Trillium', 'undulatum']", geophyte  rhizome,72 75 78
672,"['Trillium', 'vaseyi']", geophyte  rhizome,78
673,"['Trillium', 'viride']", geophyte  rhizome,74
674,"['Trillium', 'viridescens']", geophyte  rhizome,74 77 78
675,"['Veratrum', 'albiflorum']", geophyte  rhizome  hemicr,31
676,"['Veratrum', 'album']", geophyte  rhizome,10 11 12 13 14 30 33 34
677,"['Veratrum', 'anticleoides']", hemicr,31
678,"['Veratrum', 'californicum']", geophyte  rhizome  hemicr,73 76 77 79
679,"['Veratrum', 'dahuricum']", geophyte  rhizome  hemicr,30 31 36 38
680,"['Veratrum', 'dolichopetalum']", geophyte  rhizome  hemicr,31 36 38
681,"['Veratrum', 'fimbriatum']", geophyte  rhizome  hemicr,76
682,"['Veratrum', 'formosanum']", geophyte  rhizome  hemicr,38
683,"['Veratrum', 'grandiflorum']", geophyte  rhizome  hemicr,36
684,"['Veratrum', 'hybridum']", geophyte  rhizome  hemicr,75 78
685,"['Veratrum', 'insolitum']", geophyte  rhizome  hemicr,73 76
686,"['Veratrum', 'lobelianum']", geophyte  rhizome  hemicr,11 13 14 30 31 32 33 36 37
687,"['Veratrum', 'longebracteatum']", geophyte  rhizome  hemicr,38
688,"['Veratrum', 'maackii']", geophyte  rhizome  hemicr,31 36 38
689,"['Veratrum', 'maximum']", hemicr,38
690,"['Veratrum', 'mengtzeanum']", geophyte  rhizome  hemicr,36 41
691,"['Veratrum', 'micranthum']", geophyte  rhizome  hemicr,36
692,"['Veratrum', 'nigrum']", geophyte  rhizome,11 12 13 14 30 31 32 36 37 38
693,"['Veratrum', 'oblongum']", geophyte  rhizome  hemicr,36
694,"['Veratrum', 'oxysepalum']", geophyte  rhizome  hemicr,30 31 36 38 70
695,"['Veratrum', 'parviflorum']", geophyte  rhizome  hemicr,75 78
696,"['Veratrum', 'schindleri']", geophyte  rhizome  hemicr,36
697,"['Veratrum', 'shanense']", geophyte  rhizome  hemicr,36 41
698,"['Veratrum', 'stamineum']", geophyte  rhizome  hemicr,38
699,"['Veratrum', 'taliense']", geophyte  rhizome  hemicr,36
700,"['Veratrum', 'versicolor']", geophyte  rhizome  hemicr,36 38
701,"['Veratrum', 'virginicum']", geophyte  rhizome  hemicr,74 75 77 78
702,"['Veratrum', 'viride']", geophyte  rhizome  hemicr,70 71 72 73 75 76 78
703,"['Veratrum', 'woodii']", geophyte  rhizome  hemicr,74 75 78
704,"['Xerophyllum', 'asphodeloides']", hemicr,75 78
705,"['Xerophyllum', 'tenax']", hemicr,71 73 76
706,"['Ypsilandra', 'alpina']", geophyte  rhizome,36 41
707,"['Ypsilandra', 'cavaleriei']", geophyte  rhizome,36
708,"['Ypsilandra', 'jinpingensis']", geophyte  rhizome,36 41
709,"['Ypsilandra', 'kansuensis']", geophyte  rhizome,36
710,"['Ypsilandra', 'thibetica']", geophyte  rhizome,36 38
711,"['Ypsilandra', 'yunnanensis']", geophyte  rhizome,36 40 41
712,"['Zigadenus', 'glaberrimus']", geophyte  rhizome,78
713,"['Smilax', 'aberrans']", nanophan,36 41
714,"['Smilax', 'aculeatissima']", cl.,50
715,"['Smilax', 'amamiana']",,38
716,"['Smilax', 'amblyobasis']", cl.,43
717,"['Smilax', 'ampla']", cl.,43
718,"['Smilax', 'anceps']", cl.,22 23 24 25 26 27 29
719,"['Smilax', 'anguina']", cl.,43
720,"['Smilax', 'annulata']", cl.,43
721,"['Smilax', 'aquifolium']", cl.,81
722,"['Smilax', 'arisanensis']", cl.,36 38 41
723,"['Smilax', 'aristolochiifolia']", cl.,79 80
724,"['Smilax', 'aspera']", cl.,12 13 20 21 23 24 25 26 34 36 40 41
725,"['Smilax', 'aspericaulis']", cl.,36 38 40 41 42
726,"['Smilax', 'assumptionis']", cl.  nanophan,83 85
727,"['Smilax', 'astrosperma']", cl.,36
728,"['Smilax', 'auriculata']", geophyte  bulb  hel.,78 81
729,"['Smilax', 'australis']", cl.,50
730,"['Smilax', 'austrozhejiangensis']", nanophan,36
731,"['Smilax', 'azorica']", cl.,21
732,"['Smilax', 'bapouensis']", nanophan,36
733,"['Smilax', 'basilata']", cl.,36
734,"['Smilax', 'bauhinioides']", cl.,36 41
735,"['Smilax', 'bella']", cl.,83
736,"['Smilax', 'biflora']", geophyte  rhizome,38
737,"['Smilax', 'biltmoreana']", cl.  hemicr,78
738,"['Smilax', 'binchuanensis']", cl.,36
739,"['Smilax', 'biumbellata']", cl.,36 40 41
740,"['Smilax', 'blumei']", cl.,41 42 43 50
741,"['Smilax', 'bockii']", cl.,36 38 40 41
742,"['Smilax', 'bona-nox']", geophyte  bulb  hel.,74 75 77 78 79 81
743,"['Smilax', 'borneensis']", cl.,42
744,"['Smilax', 'bracteata']", cl.,36 38 41 42 62
745,"['Smilax', 'brasiliensis']", nanophan,84
746,"['Smilax', 'californica']", hydrogeophyte  tuber,73 76
747,"['Smilax', 'calophylla']", cl.,41 42 50
748,"['Smilax', 'cambodiana']", cl.,41
749,"['Smilax', 'campestris']", cl.,83 84 85
750,"['Smilax', 'canariensis']", cl.,21
751,"['Smilax', 'canellifolia']", cl.,81
752,"['Smilax', 'celebica']", cl.,42
753,"['Smilax', 'chapaensis']", cl.,36 41
754,"['Smilax', 'china']", cl.,36 38 40 41 42
755,"['Smilax', 'chinensis']", cl.,36
756,"['Smilax', 'chingii']", cl.,36
757,"['Smilax', 'cinnamomea']", cl.,82
758,"['Smilax', 'cissoides']", cl.,84
759,"['Smilax', 'cocculoides']", nanophan,36
760,"['Smilax', 'cognata']", cl.,83 84 85
761,"['Smilax', 'compta']", cl.,80
762,"['Smilax', 'corbularia']", cl.,36 41 42
763,"['Smilax', 'cordato-ovata']", cl.,82
764,"['Smilax', 'cordifolia']", cl.,79 81
765,"['Smilax', 'coriacea']", cl.,81
766,"['Smilax', 'cristalensis']", cl.,81
767,"['Smilax', 'cuprea']", cl.,81
768,"['Smilax', 'cuspidata']", cl.,82
769,"['Smilax', 'darrisii']", nanophan,36
770,"['Smilax', 'davidiana']", cl.  nanophan,36 40 41
771,"['Smilax', 'densibarbata']", cl.,36
772,"['Smilax', 'discotis']", nanophan,36
773,"['Smilax', 'domingensis']", cl.,79 80 81 82 83 84
774,"['Smilax', 'ecirrhata']", cl.  hemicr,72 74 75 78
775,"['Smilax', 'elastica']", cl.  nanophan,83 84
776,"['Smilax', 'elegans']", cl.,36 40 41
777,"['Smilax', 'elegantissima']", cl.,36 41
778,"['Smilax', 'elmeri']", cl.,42
779,"['Smilax', 'elongatoumbellata']", nanophan,38
780,"['Smilax', 'emeiensis']", nanophan,36
781,"['Smilax', 'erecta']", nanophan,42
782,"['Smilax', 'excelsa']", cl.,13 33 34
783,"['Smilax', 'extensa']", cl.,41 42
784,"['Smilax', 'ferox']", cl.  nanophan,36 40 41
785,"['Smilax', 'flavicaulis']", cl.,83
786,"['Smilax', 'fluminensis']", cl.,80 82 83 84 85
787,"['Smilax', 'fooningensis']", cl.,36
788,"['Smilax', 'fortunensis']",,80
789,"['Smilax', 'fui']",,38
790,"['Smilax', 'gagnepainii']", cl.,36 41
791,"['Smilax', 'gaudichaudiana']", cl.,36 38 41
792,"['Smilax', 'gigantea']", cl.,42
793,"['Smilax', 'gigantocarpa']", cl.,42
794,"['Smilax', 'glabra']", tuber  geophyte  cl.,36 38 40 41
795,"['Smilax', 'glauca']", geophyte  bulb  hel.,74 75 77 78 79
796,"['Smilax', 'glaucochina']", cl.,36 38
797,"['Smilax', 'glyciphylla']", cl.,50
798,"['Smilax', 'goyazana']", nanophan,83 84 85
799,"['Smilax', 'gracilior']", cl.,81
800,"['Smilax', 'griffithii']", cl.,36 40 41
801,"['Smilax', 'guianensis']", cl.,81 82
802,"['Smilax', 'guiyangensis']", cl.,36
803,"['Smilax', 'havanensis']", hydrogeophyte  tuber,78 81
804,"['Smilax', 'hayatae']", nanophan,36 38
805,"['Smilax', 'hemsleyana']", cl.,36 40 41
806,"['Smilax', 'herbacea']", cl.  hemicr,72 75 78
807,"['Smilax', 'hilariana']", cl.,84
808,"['Smilax', 'hirtellicaulis']",,36
809,"['Smilax', 'horridiramula']", cl.,38
810,"['Smilax', 'hugeri']", hydrogeophyte  tuber,78
811,"['Smilax', 'hypoglauca']", cl.,36 42
812,"['Smilax', 'ilicifolia']", cl.,81
813,"['Smilax', 'illinoensis']", cl.  hemicr,72 74 75
814,"['Smilax', 'indosinica']", cl.,41
815,"['Smilax', 'inversa']", cl.,41 42
816,"['Smilax', 'irrorata']", cl.  nanophan,82 83 84
817,"['Smilax', 'jamesii']", hydrogeophyte  tuber,76
818,"['Smilax', 'japicanga']", cl.,84
819,"['Smilax', 'javensis']", cl.,42
820,"['Smilax', 'kaniensis']", cl.,43 50
821,"['Smilax', 'keyensis']", cl.,42
822,"['Smilax', 'kingii']", cl.,40 42
823,"['Smilax', 'klotzschii']", cl.,42
824,"['Smilax', 'korthalsii']", cl.,42
825,"['Smilax', 'kwangsiensis']", cl.,36
826,"['Smilax', 'lanceifolia']", cl.,36 38 40 41 42
827,"['Smilax', 'lappacea']", cl.,82 83 84
828,"['Smilax', 'larvata']", cl.,84
829,"['Smilax', 'lasioneura']", cl.  hemicr,71 72 73 74 75 77 78
830,"['Smilax', 'laurifolia']", hydrogeophyte  tuber,74 77 78 81
831,"['Smilax', 'lebrunii']", cl.,36 41
832,"['Smilax', 'leucophylla']", cl.,41 42 43 50
833,"['Smilax', 'ligneoriparia']", cl.,36
834,"['Smilax', 'ligustrifolia']", cl.,60
835,"['Smilax', 'loheri']", cl.,42
836,"['Smilax', 'longiflora']", cl.,36
837,"['Smilax', 'longifolia']", cl.,81 82 83 84
838,"['Smilax', 'lucida']", cl.,42
839,"['Smilax', 'luei']", cl.,38
840,"['Smilax', 'lunglingensis']", cl.,36
841,"['Smilax', 'lushuiensis']", cl.,36
842,"['Smilax', 'lutescens']", cl.,84
843,"['Smilax', 'luzonensis']", cl.,40 41 42
844,"['Smilax', 'macrocarpa']", cl.,42
845,"['Smilax', 'magnifolia']", cl.,83
846,"['Smilax', 'mairei']", nanophan,36
847,"['Smilax', 'malipoensis']", cl.,36
848,"['Smilax', 'maritima']", hydrogeophyte  tuber,74 77 78
849,"['Smilax', 'maypurensis']", cl.,82 83 84
850,"['Smilax', 'megacarpa']", cl.,36 40 41 42
851,"['Smilax', 'megalantha']", cl.,36 41
852,"['Smilax', 'melanocarpa']", cl.,43
853,"['Smilax', 'melastomifolia']", cl.,63
854,"['Smilax', 'menispermoidea']", cl.,36 40 41
855,"['Smilax', 'micrandra']", cl.,36
856,"['Smilax', 'micrantha']", cl.,42
857,"['Smilax', 'microchina']", nanophan,41
858,"['Smilax', 'microdontus']",,36
859,"['Smilax', 'microphylla']", cl.,36
860,"['Smilax', 'minarum']", cl.,84
861,"['Smilax', 'minutiflora']", nanophan,40
862,"['Smilax', 'modesta']", cl.,42
863,"['Smilax', 'mollis']", cl.,79 80 81 82 83
864,"['Smilax', 'moranensis']", cl.,79 80
865,"['Smilax', 'munita']", nanophan,36 40 41
866,"['Smilax', 'muscosa']", cl.,84
867,"['Smilax', 'myosotiflora']", cl.,41 42
868,"['Smilax', 'myrtillus']", nanophan,36 40 41
869,"['Smilax', 'nageliana']", cl.,42
870,"['Smilax', 'nana']", cham  nanophan,36
871,"['Smilax', 'nantoensis']", cl.,38
872,"['Smilax', 'neocaledonica']", cl.,60
873,"['Smilax', 'neocyclophylla']", nanophan,36
874,"['Smilax', 'nervomarginata']", nanophan,36 38
875,"['Smilax', 'nigrescens']", cl.,36
876,"['Smilax', 'nipponica']", ther,36 38
877,"['Smilax', 'nova-guineensis']", cl.,43
878,"['Smilax', 'obliquata']", cl.,83
879,"['Smilax', 'oblongata']", cl.,81 82
880,"['Smilax', 'oblongifolia']", nanophan,84
881,"['Smilax', 'ocreata']", cl.,36 40 41
882,"['Smilax', 'odoratissima']", cl.,40 41 42
883,"['Smilax', 'officinalis']", cl.,80 83
884,"['Smilax', 'orbiculata']", cl.,60
885,"['Smilax', 'ornata']", cl.,79 80
886,"['Smilax', 'orthoptera']", cl.,40 41
887,"['Smilax', 'outanscianensis']", cl.,36
888,"['Smilax', 'ovalifolia']", cl.,36 40 41
889,"['Smilax', 'ovatolanceolata']", cl.,42
890,"['Smilax', 'pachysandroides']", cham  nanophan,36
891,"['Smilax', 'paniculata']", cl.,41
892,"['Smilax', 'papuana']", cl.,43
893,"['Smilax', 'perfoliata']", cl.,36 38 40 41
894,"['Smilax', 'pertenuis']", cl.,41
895,"['Smilax', 'petelotii']", cl.,36 41
896,"['Smilax', 'pilcomayensis']", cl.  nanophan,83 84 85
897,"['Smilax', 'pilosa']",,84
898,"['Smilax', 'pinfaensis']", nanophan,36
899,"['Smilax', 'plurifurcata']", cl.,60
900,"['Smilax', 'poilanei']", cl.,41
901,"['Smilax', 'polyacantha']", cl.,40 41 42
902,"['Smilax', 'polyandra']", cl.,36 40 41
903,"['Smilax', 'polyantha']", cl.,83 84 85
904,"['Smilax', 'polycolea']", cl.,36
905,"['Smilax', 'populnea']", cl.,81
906,"['Smilax', 'pottingeri']", cl.,36 40 41
907,"['Smilax', 'pseudochina']", cl.  hemicr,40 75 78
908,"['Smilax', 'pulverulenta']", cl.  hemicr,74 75 78
909,"['Smilax', 'pumila']", hydrogeophyte  tuber,77 78
910,"['Smilax', 'purhampuy']", cl.,80 82 83 84
911,"['Smilax', 'purpurata']", cl.,60
912,"['Smilax', 'pygmaea']", cl.,38 42
913,"['Smilax', 'quadrata']", cl.,36 40 41
914,"['Smilax', 'quadrumbellata']", cl.,40
915,"['Smilax', 'quinquenervia']", cl.  nanophan,82 83 84
916,"['Smilax', 'remotinervis']", cl.,84
917,"['Smilax', 'retroflexa']", nanophan,36 41
918,"['Smilax', 'riparia']", cl.,31 36 38 41 42
919,"['Smilax', 'rotundifolia']", hydrogeophyte  tuber,72 74 75 77 78
920,"['Smilax', 'roxburghiana']", cl.,40
921,"['Smilax', 'rubromarginata']", cl.,43
922,"['Smilax', 'rufescens']", cl.  nanophan,82 83 84
923,"['Smilax', 'ruiziana']", cl.,83
924,"['Smilax', 'salicifolia']", cl.,84
925,"['Smilax', 'sanguinea']", cl.,83
926,"['Smilax', 'santaremensis']", cl.,82 84
927,"['Smilax', 'saulensis']", cl.,82
928,"['Smilax', 'schomburgkiana']", cl.,81 82 83 84
929,"['Smilax', 'scobinicaulis']", cl.,36
930,"['Smilax', 'sebeana']", cl.,38
931,"['Smilax', 'seisuiensis']", cl.,38
932,"['Smilax', 'septemnervia']", cl.,36 41
933,"['Smilax', 'setiramula']", cl.,36
934,"['Smilax', 'setosa']", cl.,42
935,"['Smilax', 'sieboldii']", cl.,36 38
936,"['Smilax', 'silverstonei']",,83
937,"['Smilax', 'sinclairii']", cl.,42
938,"['Smilax', 'siphilitica']", cl.  nanophan,81 82 83 84
939,"['Smilax', 'solanifolia']", cl.,81 82
940,"['Smilax', 'spicata']", cl.,84
941,"['Smilax', 'spinosa']", cl.  nanophan,79 80 81 82 83 84
942,"['Smilax', 'spissa']", cl.,80
943,"['Smilax', 'spruceana']", cl.,84
944,"['Smilax', 'stans']", nanophan,36 38
945,"['Smilax', 'stenophylla']", cl.,84
946,"['Smilax', 'subinermis']", cl.,83
947,"['Smilax', 'subpubescens']", cl.,79 80
948,"['Smilax', 'subsessiliflora']", cl.,84
949,"['Smilax', 'sumatrensis']", cl.,41 42
950,"['Smilax', 'synandra']", nanophan,36 41
951,"['Smilax', 'talbotiana']", cl.,82
952,"['Smilax', 'tamnoides']", tuber  geophyte,72 74 75 77 78 79
953,"['Smilax', 'tetraptera']", cl.,60
954,"['Smilax', 'timorensis']", cl.,42
955,"['Smilax', 'tomentosa']", cl.,79 82 83
956,"['Smilax', 'trachypoda']", nanophan,36
957,"['Smilax', 'trinervula']", cham,36 38
958,"['Smilax', 'tsinchengshanensis']", nanophan,36
959,"['Smilax', 'tuberculata']", cl.,83
960,"['Smilax', 'turbans']", cl.,40
961,"['Smilax', 'utilis']", phan,43
962,"['Smilax', 'vaginata']", cham,34 40
963,"['Smilax', 'vanchingshanensis']", cl.,36
964,"['Smilax', 'velutina']", cl.,79 80
965,"['Smilax', 'verrucosa']", cl.,84 85
966,"['Smilax', 'verticalis']", cl.  nanophan,41
967,"['Smilax', 'vitiensis']", cl.,60
968,"['Smilax', 'wallichii']", cl.,40
969,"['Smilax', 'walteri']", hydrogeophyte  tuber,77 78
970,"['Smilax', 'wightii']", cl.,40
971,"['Smilax', 'williamsii']", cl.,42
972,"['Smilax', 'yunnanensis']", cl.,36
973,"['Smilax', 'zeylanica']", cl.  nanophan,40 41 42 43
974,"['Amana', 'anhuiensis']", geophyte  bulb,36
975,"['Amana', 'edulis']", geophyte  bulb,36 38
976,"['Amana', 'erythronioides']", geophyte  bulb,36 38
977,"['Amana', 'kuocangshanica']", geophyte  bulb,36
978,"['Amana', 'wanzhensis']", geophyte  bulb,36
979,"['Calochortus', 'albus']", geophyte  bulb,76 79
980,"['Calochortus', 'amabilis']", geophyte  bulb,76
981,"['Calochortus', 'ambiguus']", geophyte  bulb,76 77 79
982,"['Calochortus', 'amoenus']", geophyte  bulb,76
983,"['Calochortus', 'apiculatus']", geophyte  bulb,71 73
984,"['Calochortus', 'argillosus']", geophyte  bulb,76
985,"['Calochortus', 'aureus']", geophyte  bulb,73 76 77
986,"['Calochortus', 'balsensis']", geophyte  bulb,79
987,"['Calochortus', 'barbatus']", geophyte  bulb,79
988,"['Calochortus', 'bruneaunis']", geophyte  bulb,73 76
989,"['Calochortus', 'catalinae']", geophyte  bulb,76
990,"['Calochortus', 'cernuus']", geophyte  bulb,79
991,"['Calochortus', 'ciscoensis']", geophyte  bulb,76
992,"['Calochortus', 'clavatus']", geophyte  bulb,76
993,"['Calochortus', 'coeruleus']", geophyte  bulb,76
994,"['Calochortus', 'concolor']", geophyte  bulb,76 79
995,"['Calochortus', 'coxii']", geophyte  bulb,73
996,"['Calochortus', 'dunnii']", geophyte  bulb,76 79
997,"['Calochortus', 'elegans']", geophyte  bulb,73 76
998,"['Calochortus', 'eurycarpus']", geophyte  bulb,73 76
999,"['Calochortus', 'excavatus']", geophyte  bulb,76
1000,"['Calochortus', 'exilis']", geophyte  bulb,79
1001,"['Calochortus', 'fimbriatus']", geophyte  bulb,76
1002,"['Calochortus', 'flexuosus']", geophyte  bulb,73 76 77 79
1003,"['Calochortus', 'foliosus']", geophyte  bulb,79
1004,"['Calochortus', 'fuscus']", geophyte  bulb,79
1005,"['Calochortus', 'ghiesbreghtii']", geophyte  bulb,79 80
1006,"['Calochortus', 'greenei']", geophyte  bulb,73 76
1007,"['Calochortus', 'gunnisonii']", geophyte  bulb,73 74 76 77
1008,"['Calochortus', 'hartwegii']", geophyte  bulb,79
1009,"['Calochortus', 'howellii']", geophyte  bulb,73
1010,"['Calochortus', 'invenustus']", geophyte  bulb,76
1011,"['Calochortus', 'kennedyi']", geophyte  bulb,76 77 79
1012,"['Calochortus', 'leichtlinii']", geophyte  bulb,73 76
1013,"['Calochortus', 'longibarbatus']", geophyte  bulb,73 76
1014,"['Calochortus', 'luteus']", geophyte  bulb,76
1015,"['Calochortus', 'lyallii']", geophyte  bulb,71 73
1016,"['Calochortus', 'macrocarpus']", geophyte  bulb,71 73 76
1017,"['Calochortus', 'marcellae']", geophyte  bulb,79
1018,"['Calochortus', 'mendozae']", geophyte  bulb,79
1019,"['Calochortus', 'minimus']", geophyte  bulb,76
1020,"['Calochortus', 'monanthus']", geophyte  bulb,76 24
1021,"['Calochortus', 'monophyllus']", geophyte  bulb,76
1022,"['Calochortus', 'nigrescens']", geophyte  bulb,79
1023,"['Calochortus', 'nitidus']", geophyte  bulb,73
1024,"['Calochortus', 'nudus']", geophyte  bulb,73 76
1025,"['Calochortus', 'nuttallii']", geophyte  bulb,73 74 76 77
1026,"['Calochortus', 'obispoensis']", geophyte  bulb,76
1027,"['Calochortus', 'palmeri']", geophyte  bulb,76
1028,"['Calochortus', 'panamintensis']", geophyte  bulb,76
1029,"['Calochortus', 'persistens']", geophyte  bulb,73 76
1030,"['Calochortus', 'plummerae']", geophyte  bulb,76
1031,"['Calochortus', 'pringlei']", geophyte  bulb,79
1032,"['Calochortus', 'pulchellus']", geophyte  bulb,76
1033,"['Calochortus', 'purpureus']", geophyte  bulb,79
1034,"['Calochortus', 'raichei']", geophyte  bulb,76
1035,"['Calochortus', 'rustvoldii']", geophyte  bulb,76
1036,"['Calochortus', 'simulans']", geophyte  bulb,76
1037,"['Calochortus', 'spatulatus']", geophyte  bulb,79
1038,"['Calochortus', 'splendens']", geophyte  bulb,76 79
1039,"['Calochortus', 'striatus']", geophyte  bulb,76
1040,"['Calochortus', 'subalpinus']", geophyte  bulb,73
1041,"['Calochortus', 'superbus']", geophyte  bulb,76
1042,"['Calochortus', 'syntrophus']", geophyte  bulb,76
1043,"['Calochortus', 'tiburonensis']", geophyte  bulb,76
1044,"['Calochortus', 'tolmiei']", geophyte  bulb,73 76
1045,"['Calochortus', 'umbellatus']", geophyte  bulb,76
1046,"['Calochortus', 'umpquaensis']", geophyte  bulb,73
1047,"['Calochortus', 'uniflorus']", geophyte  bulb,73 76
1048,"['Calochortus', 'venustulus']", geophyte  bulb,79
1049,"['Calochortus', 'venustus']", geophyte  bulb,76
1050,"['Calochortus', 'vestae']", geophyte  bulb,76
1051,"['Calochortus', 'weedii']", geophyte  bulb,76 79
1052,"['Calochortus', 'westonii']", geophyte  bulb,76
1053,"['Cardiocrinum', 'cathayanum']", geophyte  bulb,36
1054,"['Cardiocrinum', 'cordatum']", geophyte  bulb,31 38
1055,"['Cardiocrinum', 'giganteum']", geophyte  bulb,36 40 41
1056,"['Clintonia', 'andrewsiana']", hemicr,73 76
1057,"['Clintonia', 'borealis']", hemicr,71 72 74 75 78
1058,"['Clintonia', 'udensis']", hemicr,31 36 38 40 41
1059,"['Clintonia', 'umbellulata']", hemicr,75 78
1060,"['Clintonia', 'uniflora']", geophyte  rhizome,70 71 73 76
1061,"['Erythronium', 'albidum']", geophyte  bulb,72 74 75 77 78
1062,"['Erythronium', 'americanum']", geophyte  bulb,72 74 75 78
1063,"['Erythronium', 'californicum']", geophyte  bulb,76
1064,"['Erythronium', 'caucasicum']", geophyte  bulb,33 34
1065,"['Erythronium', 'citrinum']", geophyte  bulb,73 76
1066,"['Erythronium', 'dens-canis']", geophyte  bulb,11 12 13 14
1067,"['Erythronium', 'elegans']", geophyte  bulb,73
1068,"['Erythronium', 'grandiflorum']", geophyte  bulb,71 73 76 77
1069,"['Erythronium', 'helenae']", geophyte  bulb,76
1070,"['Erythronium', 'hendersonii']", geophyte  bulb,73 76
1071,"['Erythronium', 'howellii']", geophyte  bulb,73 76
1072,"['Erythronium', 'idahoense']", geophyte  bulb,73
1073,"['Erythronium', 'japonicum']", geophyte  bulb,31 36 38
1074,"['Erythronium', 'klamathense']", geophyte  bulb,73 76
1075,"['Erythronium', 'krylovii']", geophyte  bulb,30
1076,"['Erythronium', 'mesochoreum']", geophyte  bulb,74 77 78
1077,"['Erythronium', 'montanum']", geophyte  bulb,71 73
1078,"['Erythronium', 'multiscapideum']", geophyte  bulb,76
1079,"['Erythronium', 'oregonum']", geophyte  bulb,71 73 76
1080,"['Erythronium', 'pluriflorum']", geophyte  bulb,76
1081,"['Erythronium', 'propullans']", geophyte  bulb,74
1082,"['Erythronium', 'purpurascens']", geophyte  bulb,76
1083,"['Erythronium', 'pusaterii']", geophyte  bulb,76
1084,"['Erythronium', 'quinaultense']", geophyte  bulb,73
1085,"['Erythronium', 'revolutum']", geophyte  bulb,71 73 76
1086,"['Erythronium', 'rostratum']", geophyte  bulb,74 75 77 78
1087,"['Erythronium', 'sajanense']", geophyte  bulb,30
1088,"['Erythronium', 'shastense']", geophyte  bulb,76
1089,"['Erythronium', 'sibiricum']", geophyte  bulb,30 32 36 37
1090,"['Erythronium', 'sulevii']", geophyte  bulb,30
1091,"['Erythronium', 'taylorii']", geophyte  bulb,76
1092,"['Erythronium', 'tuolumnense']", geophyte  bulb,76
1093,"['Erythronium', 'umbilicatum']", geophyte  bulb,75 78
1094,"['Fritillaria', 'acmopetala']", geophyte  bulb,34
1095,"['Fritillaria', 'affinis']", geophyte  bulb,71 73 76
1096,"['Fritillaria', 'agrestis']", geophyte  bulb,76
1097,"['Fritillaria', 'alburyana']", geophyte  bulb,34
1098,"['Fritillaria', 'alfredae']", geophyte  bulb,34
1099,"['Fritillaria', 'amabilis']", geophyte  bulb,38
1100,"['Fritillaria', 'amana']", geophyte  bulb,34
1101,"['Fritillaria', 'anhuiensis']", geophyte  bulb,36
1102,"['Fritillaria', 'ariana']", geophyte  bulb,32 34
1103,"['Fritillaria', 'assyriaca']", geophyte  bulb,34
1104,"['Fritillaria', 'asumaniae']", geophyte  bulb,34
1105,"['Fritillaria', 'atrolineata']", geophyte  bulb,34
1106,"['Fritillaria', 'atropurpurea']", geophyte  bulb,73 74 76 77
1107,"['Fritillaria', 'aurea']", geophyte  bulb,34
1108,"['Fritillaria', 'avromanica']", geophyte  bulb,34
1109,"['Fritillaria', 'ayakoana']", geophyte  bulb,38
1110,"['Fritillaria', 'baskilensis']", geophyte  bulb,34
1111,"['Fritillaria', 'biflora']", geophyte  bulb,76 79
1112,"['Fritillaria', 'bithynica']", geophyte  bulb,34
1113,"['Fritillaria', 'brandegeei']", geophyte  bulb,76
1114,"['Fritillaria', 'bucharica']", geophyte  bulb,32 34
1115,"['Fritillaria', 'byfieldii']", geophyte  bulb,34
1116,"['Fritillaria', 'camschatcensis']", geophyte  bulb,31 38 70 71 73
1117,"['Fritillaria', 'carica']", geophyte  bulb,34
1118,"['Fritillaria', 'caucasica']", geophyte  bulb,33 34
1119,"['Fritillaria', 'chitralensis']", geophyte  bulb,34 40
1120,"['Fritillaria', 'chlorantha']", geophyte  bulb,34
1121,"['Fritillaria', 'chlororhabdota']", geophyte  bulb,34
1122,"['Fritillaria', 'cirrhosa']", geophyte  bulb,36 40 41
1123,"['Fritillaria', 'collina']", geophyte  bulb,33 34
1124,"['Fritillaria', 'conica']", geophyte  bulb,13
1125,"['Fritillaria', 'crassicaulis']", geophyte  bulb,36
1126,"['Fritillaria', 'crassifolia']", geophyte  bulb,34
1127,"['Fritillaria', 'dagana']", geophyte  bulb,30 37
1128,"['Fritillaria', 'dajinensis']", geophyte  bulb,36
1129,"['Fritillaria', 'davidii']", geophyte  bulb,36
1130,"['Fritillaria', 'davisii']", geophyte  bulb,13
1131,"['Fritillaria', 'delavayi']", geophyte  bulb,36 40
1132,"['Fritillaria', 'drenovskii']", geophyte  bulb,13
1133,"['Fritillaria', 'dzhabavae']", geophyte  bulb,33
1134,"['Fritillaria', 'eastwoodiae']", geophyte  bulb,73 76
1135,"['Fritillaria', 'eduardii']", geophyte  bulb,32
1136,"['Fritillaria', 'ehrhartii']", geophyte  bulb,13
1137,"['Fritillaria', 'elwesii']", geophyte  bulb,34
1138,"['Fritillaria', 'epirotica']", geophyte  bulb,13
1139,"['Fritillaria', 'euboeica']", geophyte  bulb,13
1140,"['Fritillaria', 'falcata']", geophyte  bulb,76
1141,"['Fritillaria', 'ferganensis']", geophyte  bulb,32
1142,"['Fritillaria', 'fleischeriana']", geophyte  bulb,34
1143,"['Fritillaria', 'forbesii']", geophyte  bulb,34
1144,"['Fritillaria', 'frankiorum']", geophyte  bulb,34
1145,"['Fritillaria', 'fusca']", geophyte  bulb,36
1146,"['Fritillaria', 'gentneri']", geophyte  bulb,73
1147,"['Fritillaria', 'gibbosa']", geophyte  bulb,32 33 34 40
1148,"['Fritillaria', 'glauca']", geophyte  bulb,73 76
1149,"['Fritillaria', 'graeca']", geophyte  bulb,13
1150,"['Fritillaria', 'grandiflora']", geophyte  bulb,33
1151,"['Fritillaria', 'gussichiae']", geophyte  bulb,13
1152,"['Fritillaria', 'hermonis']", geophyte  bulb,34
1153,"['Fritillaria', 'imperialis']", geophyte  bulb,34 40
1154,"['Fritillaria', 'involucrata']", geophyte  bulb,12 13
1155,"['Fritillaria', 'japonica']", geophyte  bulb,38
1156,"['Fritillaria', 'kaiensis']", geophyte  bulb,38
1157,"['Fritillaria', 'karelinii']", geophyte  bulb,32 36
1158,"['Fritillaria', 'kittaniae']", geophyte  bulb,34
1159,"['Fritillaria', 'koidzumiana']", geophyte  bulb,38
1160,"['Fritillaria', 'kotschyana']", geophyte  bulb,34
1161,"['Fritillaria', 'kurdica']", geophyte  bulb,33 34
1162,"['Fritillaria', 'lagodechiana']", geophyte  bulb,33
1163,"['Fritillaria', 'latakiensis']", geophyte  bulb,34
1164,"['Fritillaria', 'latifolia']", geophyte  bulb,33 34
1165,"['Fritillaria', 'legionensis']", geophyte  bulb,12
1166,"['Fritillaria', 'liliacea']", geophyte  bulb,76
1167,"['Fritillaria', 'lusitanica']", geophyte  bulb,12
1168,"['Fritillaria', 'macedonica']", geophyte  bulb,13
1169,"['Fritillaria', 'macrocarpa']", geophyte  bulb,20
1170,"['Fritillaria', 'maximowiczii']", geophyte  bulb,30 31 36
1171,"['Fritillaria', 'meleagris']", geophyte  bulb,11 12 13 30 32
1172,"['Fritillaria', 'meleagroides']", geophyte  bulb,13 14 30 32 33 36
1173,"['Fritillaria', 'messanensis']", geophyte  bulb,13
1174,"['Croatia', '(coastal']",,
1175,"['Fritillaria', 'michailovskyi']", geophyte  bulb,33 34
1176,"['Fritillaria', 'micrantha']",,76
1177,"['Fritillaria', 'milasensis']", geophyte  bulb,34
1178,"['Fritillaria', 'minima']", geophyte  bulb,34
1179,"['Fritillaria', 'minuta']", geophyte  bulb,34
1180,"['Fritillaria', 'monantha']", geophyte  bulb,36
1181,"['Fritillaria', 'montana']", geophyte  bulb,12 13 14
1182,"['Fritillaria', 'mughlae']", geophyte  bulb,34
1183,"['Fritillaria', 'muraiana']", geophyte  bulb,38
1184,"['Fritillaria', 'mutabilis']", geophyte  bulb,13
1185,"['Fritillaria', 'obliqua']", geophyte  bulb,13
1186,"['Fritillaria', 'ojaiensis']", geophyte  bulb,76
1187,"['Fritillaria', 'olgae']", geophyte  bulb,32
1188,"['Fritillaria', 'olivieri']", geophyte  bulb,34
1189,"['Fritillaria', 'oranensis']", geophyte  bulb,20
1190,"['Fritillaria', 'orientalis']", geophyte  bulb,33
1191,"['Fritillaria', 'pallidiflora']", geophyte  bulb,32 36
1192,"['Fritillaria', 'persica']", geophyte  bulb,34
1193,"['Fritillaria', 'pinardii']", geophyte  bulb,33 34
1194,"['Fritillaria', 'pinetorum']", geophyte  bulb,76
1195,"['Fritillaria', 'pluriflora']", geophyte  bulb,76
1196,"['Fritillaria', 'pontica']", geophyte  bulb,13 34
1197,"['Fritillaria', 'przewalskii']", geophyte  bulb,36
1198,"['Fritillaria', 'pudica']", geophyte  bulb,71 73 76
1199,"['Fritillaria', 'purdyi']", geophyte  bulb,73 76
1200,"['Fritillaria', 'pyrenaica']", geophyte  bulb,12
1201,"['Fritillaria', 'raddeana']", geophyte  bulb,32 34 40
1202,"['Fritillaria', 'recurva']", geophyte  bulb,73 76
1203,"['Fritillaria', 'regelii']", geophyte  bulb,32
1204,"['Fritillaria', 'reuteri']", geophyte  bulb,34
1205,"['Fritillaria', 'rhodia']", geophyte  bulb,34
1206,"['Fritillaria', 'rhodocanakis']", geophyte  bulb,13
1207,"['Fritillaria', 'ruthenica']", geophyte  bulb,14 30 32 33
1208,"['Fritillaria', 'serpenticola']", geophyte  bulb,34
1209,"['Fritillaria', 'sewerzowii']", geophyte  bulb,32
1210,"['Fritillaria', 'shikokiana']", geophyte  bulb,38
1211,"['Fritillaria', 'sibthorpiana']", geophyte  bulb,34
1212,"['Fritillaria', 'sichuanica']", geophyte  bulb,36
1213,"['Fritillaria', 'sinica']", geophyte  bulb,36
1214,"['Fritillaria', 'skorpili']", geophyte  bulb,13
1215,"['Fritillaria', 'sonnikovae']", geophyte  bulb,30
1216,"['Fritillaria', 'sororum']", geophyte  bulb,34
1217,"['Fritillaria', 'stenanthera']", geophyte  bulb,32
1218,"['Fritillaria', 'straussii']", geophyte  bulb,34
1219,"['Fritillaria', 'striata']", geophyte  bulb,76
1220,"['Fritillaria', 'stribrnyi']", geophyte  bulb,13
1221,"['Fritillaria', 'taipaiensis']", geophyte  bulb,36
1222,"['Fritillaria', 'thunbergii']", geophyte  bulb,32
1223,"['Fritillaria', 'tortifolia']", geophyte  bulb,36
1224,"['Fritillaria', 'tubaeformis']", geophyte  bulb,12 13
1225,"['Fritillaria', 'unibracteata']", geophyte  bulb,36
1226,"['Fritillaria', 'usuriensis']", geophyte  bulb,31 36 38
1227,"['Fritillaria', 'uva-vulpis']", geophyte  bulb,34
1228,"['Fritillaria', 'verticillata']", geophyte  bulb,30 32 36 37 38
1229,"['Fritillaria', 'viridea']", geophyte  bulb,76
1230,"['Fritillaria', 'viridiflora']", geophyte  bulb,34
1231,"['Fritillaria', 'walujewii']", geophyte  bulb,32 36
1232,"['Fritillaria', 'whittallii']", geophyte  bulb,34
1233,"['Fritillaria', 'yuminensis']", geophyte  bulb,36
1234,"['Fritillaria', 'yuzhongensis']", geophyte  bulb,36
1235,"['Gagea', 'afghanica']", geophyte  bulb,32 34
1236,"['Gagea', 'aipetriensis']", geophyte  bulb,14
1237,"['Gagea', 'alashanica']", geophyte  bulb,36
1238,"['Gagea', 'alberti']", geophyte  bulb,32 36
1239,"['Gagea', 'alexeenkoana']", geophyte  bulb,33 34
1240,"['Gagea', 'alexejana']", geophyte  bulb,32
1241,"['Gagea', 'alexii']", geophyte  bulb,32 34 40
1242,"['Gagea', 'algeriensis']", geophyte  bulb,12 20
1243,"['Gagea', 'alii']", geophyte  bulb,40
1244,"['Gagea', 'altaica']", geophyte  bulb,30 32 36
1245,"['Gagea', 'amblyopetala']", geophyte  bulb,13 14 34
1246,"['Gagea', 'ancestralis']", geophyte  bulb,30
1247,"['Gagea', 'angelae']", geophyte  bulb,36
1248,"['Gagea', 'angrenica']", geophyte  bulb,32
1249,"['Gagea', 'anisopoda']", geophyte  bulb,32
1250,"['Gagea', 'antakiensis']", geophyte  bulb,34
1251,"['Gagea', 'apulica']", geophyte  bulb,12 13
1252,"['Gagea', 'artemczukii']", geophyte  bulb,14 33
1253,"['Gagea', 'azutavica']", geophyte  bulb,30
1254,"['Gagea', 'baluchistanica']", geophyte  bulb,40
1255,"['Gagea', 'baschkyzylsaica']", geophyte  bulb,32
1256,"['Gagea', 'bashoensis']", geophyte  bulb,40
1257,"['Gagea', 'bergii']", geophyte  bulb,32 34
1258,"['Gagea', 'bezengiensis']", geophyte  bulb,33
1259,"['Gagea', 'bithynica']", geophyte  bulb,34
1260,"['Gagea', 'bohemica']", geophyte  bulb,10 11 12 13 14 20 33 34
1261,"['Gagea', 'bornmuelleriana']", geophyte  bulb,34
1262,"['Gagea', 'bowes-lyonii']", geophyte  bulb,40
1263,"['Gagea', 'brevistolonifera']", geophyte  bulb,32
1264,"['Gagea', 'bulbifera']", geophyte  bulb,13 30 32 33 34 36 40
1265,"['Gagea', 'caelestis']", geophyte  bulb,32
1266,"['Gagea', 'calantha']", geophyte  bulb,32
1267,"['Gagea', 'calcicola']", geophyte  bulb,34
1268,"['Gagea', 'calyptrifolia']", geophyte  bulb,32
1269,"['Gagea', 'capillifolia']", geophyte  bulb,32 34
1270,"['Gagea', 'capusii']", geophyte  bulb,32 34
1271,"['Gagea', 'caroli-kochii']", geophyte  bulb,33 34
1272,"['Gagea', 'chabertii']", geophyte  bulb,20
1273,"['Gagea', 'chanae']", geophyte  bulb,33 34
1274,"['Gagea', 'charadzeae']", geophyte  bulb,33
1275,"['Gagea', 'chinensis']", geophyte  bulb,36
1276,"['Gagea', 'chitralensis']", geophyte  bulb,32 40
1277,"['Gagea', 'chlorantha']", geophyte  bulb,32 33 34
1278,"['Gagea', 'chloroneura']", geophyte  bulb,34
1279,"['Gagea', 'chomutovae']", geophyte  bulb,32 33 34
1280,"['Gagea', 'chrysantha']", geophyte  bulb,13
1281,"['Gagea', 'circumplexa']", geophyte  bulb,32 34 35
1282,"['Gagea', 'commutata']", geophyte  bulb,33 34
1283,"['Gagea', 'confusa']", geophyte  bulb,32 33 34
1284,"['Gagea', 'cuneata']", geophyte  bulb,33
1285,"['Gagea', 'czatkalica']", geophyte  bulb,32
1286,"['Gagea', 'daghestanica']", geophyte  bulb,33
1287,"['Gagea', 'daqingshanensis']", geophyte  bulb,36
1288,"['Gagea', 'davlianidzeae']", geophyte  bulb,32
1289,"['Gagea', 'dayana']", geophyte  bulb,20 34 35
1290,"['Gagea', 'delicatula']", geophyte  bulb,32
1291,"['Gagea', 'deserticola']", geophyte  bulb,32
1292,"['Gagea', 'divaricata']", geophyte  bulb,32 36
1293,"['Gagea', 'drummondii']", geophyte  bulb,40
1294,"['Gagea', 'dschungarica']", geophyte  bulb,32 34 36 40
1295,"['Gagea', 'dubia']", geophyte  bulb,12 13 14 20 34
1296,"['Gagea', 'durieui']", geophyte  bulb,12 20
1297,"['Gagea', 'eleonorae']", geophyte  bulb,33 34
1298,"['Gagea', 'exilis']", geophyte  bulb,32 34
1299,"['Gagea', 'fedtschenkoana']", geophyte  bulb,30 32 36 37
1300,"['Gagea', 'ferganica']", geophyte  bulb,32
1301,"['Gagea', 'fibrosa']", geophyte  bulb,20
1302,"['Gagea', 'filiformis']", geophyte  bulb,30 32 34 36 37 40
1303,"['Gagea', 'flavonutans']", geophyte  bulb,36 40
1304,"['Gagea', 'foliosa']", geophyte  bulb,12 13 20
1305,"['Gagea', 'fragifera']", geophyte  bulb,11 12 13 14 20 30 32 33 34 36 37 40
1306,"['Gagea', 'gageoides']", geophyte  bulb,32 33 34 40
1307,"['Gagea', 'germainae']", geophyte  bulb,33
1308,"['Gagea', 'glacialis']", geophyte  bulb,33 34
1309,"['Gagea', 'glaucescens']", geophyte  bulb,32
1310,"['Gagea', 'goljakovii']", geophyte  bulb,30
1311,"['Gagea', 'gracillima']", geophyte  bulb,40
1312,"['Gagea', 'graeca']", geophyte  bulb,13 34
1313,"['Gagea', 'graminifolia']", geophyte  bulb,32 34
1314,"['Gagea', 'granatellii']", geophyte  bulb,12 13 20
1315,"['Gagea', 'granulosa']", geophyte  bulb,14 30 32 36 37
1316,"['Gagea', 'gymnopoda']", geophyte  bulb,32
1317,"['Gagea', 'gypsacea']", geophyte  bulb,32
1318,"['Gagea', 'helenae']", geophyte  bulb,33 34
1319,"['Gagea', 'hiensis']", geophyte  bulb,30 31 36 37 38
1320,"['Gagea', 'hissarica']", geophyte  bulb,32 34
1321,"['Gagea', 'humicola']", geophyte  bulb,32
1322,"['Gagea', 'huochengensis']", geophyte  bulb,36
1323,"['Gagea', 'ignota']", geophyte  bulb,32
1324,"['Gagea', 'incrustata']", geophyte  bulb,32
1325,"['Gagea', 'intercedens']", geophyte  bulb,34
1326,"['Gagea', 'iranica']", geophyte  bulb,34
1327,"['Gagea', 'jaeschkei']", geophyte  bulb,32 34 36 40
1328,"['Gagea', 'japonica']", geophyte  bulb,38
1329,"['Gagea', 'jensii']", geophyte  bulb,36
1330,"['Gagea', 'jispensis']", geophyte  bulb,40
1331,"['Gagea', 'joannis']", geophyte  bulb,33 34
1332,"['Gagea', 'juliae']", geophyte  bulb,34
1333,"['Gagea', 'kamelinii']", geophyte  bulb,32
1334,"['Gagea', 'kneissea']", geophyte  bulb,34
1335,"['Gagea', 'kopetdagensis']", geophyte  bulb,32
1336,"['Gagea', 'kunawurensis']", geophyte  bulb,32 33 34 36 40
1337,"['Gagea', 'kuraiensis']", geophyte  bulb,30
1338,"['Gagea', 'kuraminica']", geophyte  bulb,32
1339,"['Gagea', 'lacaitae']", geophyte  bulb,12 13 20
1340,"['Gagea', 'leosii']", geophyte  bulb,40
1341,"['Gagea', 'libanotica']", geophyte  bulb,34
1342,"['Gagea', 'lojaconoi']", geophyte  bulb,12 13 34
1343,"['Gagea', 'longiscapa']", geophyte  bulb,30 31
1344,"['Gagea', 'ludmilae']", geophyte  bulb,32
1345,"['Gagea', 'lusitanica']", geophyte  bulb,12 20
1346,"['Gagea', 'lutea']", geophyte  bulb,10 11 12 13 14 30 31 32 33 34 38 40
1347,"['Gagea', 'luteoides']", geophyte  bulb,33 34
1348,"['Gagea', 'maeotica']", geophyte  bulb,14 33
1349,"['Gagea', 'marchica']", geophyte  bulb,11
1350,"['Gagea', 'mauritanica']", geophyte  bulb,12 13 20
1351,"['Gagea', 'menitskyi']", geophyte  bulb,33 34
1352,"['Gagea', 'mergalahensis']", geophyte  bulb,40
1353,"['Gagea', 'michaelis']", geophyte  bulb,32
1354,"['Gagea', 'micrantha']", geophyte  bulb,34
1355,"['Gagea', 'minima']", geophyte  bulb,10 11 13 14 33
1356,"['Gagea', 'minutiflora']", geophyte  bulb,32
1357,"['Gagea', 'minutissima']", geophyte  bulb,32
1358,"['Gagea', 'moniliformis']", geophyte  bulb,20
1359,"['Gagea', 'multipedunculifera']", geophyte  bulb,32
1360,"['Gagea', 'nabievii']", geophyte  bulb,32
1361,"['Gagea', 'nakaiana']", geophyte  bulb,30 31 36 38 40
1362,"['Gagea', 'neopopovii']", geophyte  bulb,32 36
1363,"['Gagea', 'nevadensis']", geophyte  bulb,12 20
1364,"['Gagea', 'noltiei']", geophyte  bulb,40
1365,"['Gagea', 'novoascanica']", geophyte  bulb,14
1366,"['Gagea', 'olgae']", geophyte  bulb,32 34 36 40
1367,"['Gagea', 'omalensis']", geophyte  bulb,13
1368,"['Gagea', 'paedophila']", geophyte  bulb,32 34
1369,"['Gagea', 'pakistanica']", geophyte  bulb,40
1370,"['Gagea', 'paniculata']", geophyte  bulb,32
1371,"['Gagea', 'pauciflora']", geophyte  bulb,30 31 36 37
1372,"['Gagea', 'pedata']", geophyte  bulb,32
1373,"['Gagea', 'peduncularis']", geophyte  bulb,13 20 34
1374,"['Gagea', 'peruzzii']", geophyte  bulb,13
1375,"['Gagea', 'podolica']", geophyte  bulb,14 33
1376,"['Gagea', 'polymorpha']", geophyte  bulb,12
1377,"['Gagea', 'popovii']", geophyte  bulb,32
1378,"['Gagea', 'praemixta']", geophyte  bulb,32
1379,"['Gagea', 'pratensis']", geophyte  bulb,10 11 12 13 14 20 34
1380,"['Gagea', 'pseudominutiflora']", geophyte  bulb,32
1381,"['Gagea', 'pseudopeduncularis']", geophyte  bulb,13
1382,"['Gagea', 'punjabica']", geophyte  bulb,40
1383,"['Gagea', 'pusilla']", geophyte  bulb,11 13 14 30 32 33
1384,"['Gagea', 'quasitenuifolia']", geophyte  bulb,32 33 34
1385,"['Gagea', 'quettica']", geophyte  bulb,40
1386,"['Gagea', 'ramulosa']", geophyte  bulb,13 14 20 33 34
1387,"['Gagea', 'rawalpindica']", geophyte  bulb,40
1388,"['Gagea', 'reinhardii']", geophyte  bulb,32
1389,"['Gagea', 'reticulata']", geophyte  bulb,13 14 20 32 33 34 35 40
1390,"['Gagea', 'reverchonii']", geophyte  bulb,12
1391,"['Gagea', 'rigida']", geophyte  bulb,13 20 33 34 35
1392,"['Gagea', 'robusta']", geophyte  bulb,34
1393,"['Gagea', 'rubicunda']", geophyte  bulb,14
1394,"['Gagea', 'rubinae']", geophyte  bulb,40
1395,"['Gagea', 'rufidula']", geophyte  bulb,32
1396,"['Gagea', 'rupicola']", geophyte  bulb,32
1397,"['Gagea', 'sarmentosa']", geophyte  bulb,33 34
1398,"['Gagea', 'sarysuensis']", geophyte  bulb,32
1399,"['Gagea', 'schachimardanica']", geophyte  bulb,32
1400,"['Gagea', 'schugnanica']", geophyte  bulb,32
1401,"['Gagea', 'scythica']", geophyte  bulb,14 33
1402,"['Gagea', 'serotina']", geophyte  bulb,10 11 12 13 14 20 30 31 32 33 34 36 37 38 40 70 71 73 76 77
1403,"['Gagea', 'setifolia']", geophyte  bulb,32 33 34 40
1404,"['Gagea', 'shmakoviana']", geophyte  bulb,30
1405,"['Gagea', 'sicula']", geophyte  bulb,13
1406,"['Gagea', 'siphonantha']", geophyte  bulb,34
1407,"['Gagea', 'sivasica']", geophyte  bulb,34
1408,"['Gagea', 'soleirolii']", geophyte  bulb,12
1409,"['Gagea', 'spathacea']", geophyte  bulb,10 11 12 13 14 33
1410,"['Gagea', 'spumosa']", geophyte  bulb,32 40
1411,"['Gagea', 'staintonii']", geophyte  bulb,34 40
1412,"['Gagea', 'stepposa']", geophyte  bulb,36
1413,"['Gagea', 'subtilis']", geophyte  bulb,32
1414,"['Gagea', 'sulfurea']", geophyte  bulb,33 34
1415,"['Gagea', 'tadshikistanica']", geophyte  bulb,32
1416,"['Gagea', 'takhtajanii']", geophyte  bulb,32
1417,"['Gagea', 'talassica']", geophyte  bulb,32
1418,"['Gagea', 'taschkentica']", geophyte  bulb,32
1419,"['Gagea', 'taurica']", geophyte  bulb,14 33
1420,"['Gagea', 'tenera']", geophyte  bulb,32 33 34 36 40
1421,"['Gagea', 'tenuissima']", geophyte  bulb,33 34
1422,"['Gagea', 'tesquicola']", geophyte  bulb,14
1423,"['Gagea', 'tisoniana']", geophyte  bulb,13
1424,"['Gagea', 'toktogulii']", geophyte  bulb,32
1425,"['Gagea', 'toppinii']", geophyte  bulb,40
1426,"['Gagea', 'transversalis']", geophyte  bulb,11 14
1427,"['Gagea', 'triflora']", geophyte  bulb,31 36 38
1428,"['Gagea', 'trinervia']", geophyte  bulb,13 20
1429,"['Gagea', 'turanica']", geophyte  bulb,32 33 34
1430,"['Gagea', 'ucrainica']", geophyte  bulb,14 36 37
1431,"['Gagea', 'ugamica']", geophyte  bulb,32
1432,"['Gagea', 'ulazsaica']", geophyte  bulb,32
1433,"['Gagea', 'uliginosa']", geophyte  bulb,34
1434,"['Gagea', 'utriculosa']", geophyte  bulb,40
1435,"['Gagea', 'vaginata']", geophyte  bulb,31 38
1436,"['Gagea', 'vanensis']", geophyte  bulb,34
1437,"['Gagea', 'vegeta']", geophyte  bulb,32 33 34
1438,"['Gagea', 'villosa']", geophyte  bulb,10 11 12 13 14 20 33 34
1439,"['Gagea', 'villosula']", geophyte  bulb,32
1440,"['Gagea', 'vvedenskyi']", geophyte  bulb,32 34 40
1441,"['Gagea', 'wallichii']", geophyte  bulb,40
1442,"['Gagea', 'wendelboi']", geophyte  bulb,34
1443,"['Gagea', 'xiphoidea']", geophyte  bulb,30
1444,"['Lilium', 'akkusianum']", geophyte  bulb,34
1445,"['Lilium', 'albanicum']", geophyte  bulb,13
1446,"['Lilium', 'amabile']", geophyte  bulb,36 38
1447,"['Lilium', 'amoenum']", geophyte  bulb,36
1448,"['Lilium', 'anhuiense']", geophyte  bulb,36
1449,"['Lilium', 'apertum']", geophyte  bulb,36 41
1450,"['Lilium', 'arboricola']", geophyte  bulb,41
1451,"['Lilium', 'armenum']", geophyte  bulb,33 34
1452,"['Lilium', 'auratum']", geophyte  bulb,38
1453,"['Lilium', 'bakerianum']", geophyte  bulb,36 40 41
1454,"['Lilium', 'basilissum']", geophyte  bulb,36 41
1455,"['Lilium', 'bolanderi']", geophyte  bulb,73 76
1456,"['Lilium', 'bosniacum']", geophyte  bulb,13
1457,"['Lilium', 'brevistylum']", geophyte  bulb,36
1458,"['Lilium', 'brownii']", geophyte  bulb,36 41
1459,"['Lilium', 'bulbiferum']", geophyte  bulb,11 12 13
1460,"['Lilium', 'callosum']", geophyte  bulb,31 36 38
1461,"['Lilium', 'canadense']", geophyte  bulb,72 75 78
1462,"['Lilium', 'candidum']", geophyte  bulb,34
1463,"['Lilium', 'carniolicum']", geophyte  bulb,11 13
1464,"['Lilium', 'catesbaei']", geophyte  bulb,78
1465,"['Lilium', 'cernuum']", geophyte  bulb,31 36 38
1466,"['Lilium', 'chalcedonicum']", geophyte  bulb,13
1467,"['Lilium', 'ciliatum']", geophyte  bulb,34
1468,"['Lilium', 'columbianum']", geophyte  bulb,71 73 76
1469,"['Lilium', 'concolor']", geophyte  bulb,30 31 36 37 38
1470,"['Lilium', 'davidii']", geophyte  bulb,36 40
1471,"['Lilium', 'debile']", geophyte  bulb,31
1472,"['Lilium', 'distichum']", geophyte  bulb,31 36 38
1473,"['Lilium', 'duchartrei']", geophyte  bulb,36 40
1474,"['Lilium', 'eupetes']", geophyte  bulb,41
1475,"['Lilium', 'fargesii']", geophyte  bulb,36
1476,"['Lilium', 'floridum']", geophyte  bulb,36
1477,"['Lilium', 'formosanum']", geophyte  bulb,
1478,"['Taiwan.', '(23)']",,
1479,"['Lilium', 'georgei']", geophyte  bulb,41
1480,"['Lilium', 'gongshanense']", geophyte  bulb,36
1481,"['Lilium', 'grayi']", geophyte  bulb,78
1482,"['Lilium', 'hansonii']", geophyte  bulb,38
1483,"['Lilium', 'henrici']", geophyte  bulb,36
1484,"['Lilium', 'henryi']", geophyte  bulb,36
1485,"['Lilium', 'humboldtii']", geophyte  bulb,76 79
1486,"['Lilium', 'iridollae']", geophyte  bulb,78
1487,"['Lilium', 'jankae']", geophyte  bulb,13
1488,"['Lilium', 'japonicum']", geophyte  bulb,38
1489,"['Lilium', 'kelleyanum']", geophyte  bulb,76
1490,"['Lilium', 'kelloggii']", geophyte  bulb,73 76
1491,"['Lilium', 'kesselringianum']", geophyte  bulb,33 34
1492,"['Lilium', 'lancifolium']", geophyte  bulb,36 38
1493,"['Lilium', 'lankongense']", geophyte  bulb,36
1494,"['Lilium', 'ledebourii']", geophyte  bulb,33 34
1495,"['Lilium', 'leichtlinii']", geophyte  bulb,31 36 38
1496,"['Lilium', 'leucanthum']", geophyte  bulb,36
1497,"['Lilium', 'lijiangense']", geophyte  bulb,36
1498,"['Lilium', 'longiflorum']", geophyte  bulb,38 42
1499,"['Lilium', 'lophophorum']", geophyte  bulb,36
1500,"['Lilium', 'mackliniae']", geophyte  bulb,40
1501,"['Lilium', 'maculatum']", geophyte  bulb,38
1502,"['Lilium', 'maritimum']", geophyte  bulb,76
1503,"['Lilium', 'martagon']", geophyte  bulb,11 12 13 14 30 32 33 34 36 37
1504,"['Lilium', 'matangense']", geophyte  bulb,36
1505,"['Lilium', 'medeoloides']", geophyte  bulb,31 36 38
1506,"['Lilium', 'medogense']", geophyte  bulb,36
1507,"['Lilium', 'meleagrinum']", geophyte  bulb,36
1508,"['Lilium', 'michauxii']", geophyte  bulb,75 77 78
1509,"['Lilium', 'michiganense']", geophyte  bulb,72 74 75 78
1510,"['Lilium', 'monadelphum']", geophyte  bulb,14 33
1511,"['Lilium', 'nanum']", geophyte  bulb,36 40 41
1512,"['Lilium', 'nepalense']", geophyte  bulb,36 40 41
1513,"['Lilium', 'nobilissimum']", geophyte  bulb,38
1514,"['Lilium', 'occidentale']", geophyte  bulb,73 76
1515,"['Lilium', 'oxypetalum']", geophyte  bulb,40
1516,"['Lilium', 'papilliferum']", geophyte  bulb,36
1517,"['Lilium', 'paradoxum']", geophyte  bulb,36
1518,"['Lilium', 'pardalinum']", geophyte  bulb,73 76 79
1519,"['Lilium', 'pardanthinum']", geophyte  bulb,36
1520,"['Lilium', 'parryi']", geophyte  bulb,76 79
1521,"['Lilium', 'parvum']", geophyte  bulb,76
1522,"['Lilium', 'pensylvanicum']", geophyte  bulb,30 31 36 37 38
1523,"['Lilium', 'philadelphicum']", geophyte  bulb,71 72 73 74 75 77 78
1524,"['Lilium', 'philippinense']", geophyte  bulb,38 42
1525,"['Lilium', 'pinifolium']", geophyte  bulb,36
1526,"['Lilium', 'poilanei']", geophyte  bulb,41
1527,"['Lilium', 'polyphyllum']", geophyte  bulb,34 40
1528,"['Lilium', 'pomponium']", geophyte  bulb,12 13
1529,"['Lilium', 'ponticum']", geophyte  bulb,33 34
1530,"['Lilium', 'primulinum']", geophyte  bulb,36 40 41
1531,"['Lilium', 'procumbens']", geophyte  bulb,41
1532,"['Lilium', 'puerense']", geophyte  bulb,36
1533,"['Lilium', 'pumilum']", geophyte  bulb,30 31 36 37 38
1534,"['Lilium', 'pyi']", geophyte  bulb,36
1535,"['Lilium', 'pyrenaicum']", geophyte  bulb,12
1536,"['Lilium', 'pyrophilum']", geophyte  bulb,78
1537,"['Lilium', 'regale']", geophyte  bulb,36
1538,"['Lilium', 'rhodopeum']", geophyte  bulb,13
1539,"['Lilium', 'rockii']", geophyte  bulb,36
1540,"['Lilium', 'rosthornii']", geophyte  bulb,36
1541,"['Lilium', 'rubellum']", geophyte  bulb,38
1542,"['Lilium', 'rubescens']", geophyte  bulb,76
1543,"['Lilium', 'saluenense']", geophyte  bulb,36 41
1544,"['Lilium', 'sargentiae']", geophyte  bulb,36
1545,"['Lilium', 'sempervivoideum']", geophyte  bulb,36
1546,"['Lilium', 'sherriffiae']", geophyte  bulb,40
1547,"['Lilium', 'souliei']", geophyte  bulb,36 40
1548,"['Lilium', 'speciosum']", geophyte  bulb,36 38
1549,"['Lilium', 'stewartianum']", geophyte  bulb,36
1550,"['Lilium', 'sulphureum']", geophyte  bulb,36 40 41
1551,"['Lilium', 'superbum']", geophyte  bulb,74 75 78
1552,"['Lilium', 'synapticum']", geophyte  bulb,40 41
1553,"['Lilium', 'szovitsianum']", geophyte  bulb,33 34
1554,"['Lilium', 'taliense']", geophyte  bulb,36
1555,"['Lilium', 'tianschanicum']", geophyte  bulb,36
1556,"['Lilium', 'tsingtauense']", geophyte  bulb,36 38
1557,"['Lilium', 'ukeyuri']", geophyte  bulb,38
1558,"['Lilium', 'wallichianum']", geophyte  bulb,40 41
1559,"['Lilium', 'wardii']", geophyte  bulb,36
1560,"['Lilium', 'washingtonianum']", geophyte  bulb,73 76
1561,"['Lilium', 'yapingense']", geophyte  bulb,36
1562,"['Medeola', 'virginiana']", geophyte  rhizome,72 74 75 78
1563,"['Notholirion', 'bulbuliferum']", geophyte  bulb,36 40 41
1564,"['Notholirion', 'koeiei']", geophyte  bulb,34
1565,"['Notholirion', 'macrophyllum']", geophyte  bulb,36 40
1566,"['Notholirion', 'thomsonianum']", geophyte  bulb,34 40
1567,"['Prosartes', 'hookeri']", geophyte  rhizome,71 73 75 76
1568,"['Prosartes', 'lanuginosa']", geophyte  rhizome,72 75 78
1569,"['Prosartes', 'maculata']", geophyte  rhizome,75 78
1570,"['Prosartes', 'parvifolia']", geophyte  rhizome,73 76
1571,"['Prosartes', 'smithii']", geophyte  rhizome,71 73 76
1572,"['Prosartes', 'trachycarpa']", geophyte  rhizome,71 72 73 74 75 76 77
1573,"['Scoliopus', 'bigelovii']", geophyte  rhizome,76
1574,"['Scoliopus', 'hallii']", geophyte  rhizome,73
1575,"['Streptopus', 'amplexifolius']", geophyte  rhizome,11 12 13 14 30 31 38 41 70 71 72 73 74 75 76 77 78
1576,"['Streptopus', 'chatterjeeanus']", geophyte  rhizome,40
1577,"['Streptopus', 'koreanus']", geophyte  rhizome,36 38
1578,"['Streptopus', 'lanceolatus']", geophyte  rhizome,70 71 72 73 74 75 78
1579,"['Streptopus', 'obtusatus']", geophyte  rhizome,36
1580,"['Streptopus', 'ovalis']", geophyte  rhizome,36 38
1581,"['Streptopus', 'parasimplex']", geophyte  rhizome  hemicr,40
1582,"['Streptopus', 'parviflorus']", geophyte  rhizome,36
1583,"['Streptopus', 'simplex']", hemicr,36 40 41
1584,"['Streptopus', 'streptopoides']", geophyte  rhizome,30 31 38 70 71 73
1585,"['Tricyrtis', 'affinis']", hemicr,38
1586,"['Tricyrtis', 'chinensis']", hemicr,36
1587,"['Tricyrtis', 'dilatata']", hemicr,38
1588,"['Tricyrtis', 'flava']", hemicr,38
1589,"['Tricyrtis', 'formosana']", hemicr,38
1590,"['Tricyrtis', 'hirta']", hemicr,38
1591,"['Tricyrtis', 'imeldae']", hemicr,42
1592,"['Tricyrtis', 'ishiiana']", hemicr  lithophyt,38
1593,"['Tricyrtis', 'lasiocarpa']", hemicr,38
1594,"['Tricyrtis', 'latifolia']", hemicr,38
1595,"['Tricyrtis', 'macrantha']", hemicr,38
1596,"['Tricyrtis', 'macranthopsis']", hemicr,38
1597,"['Tricyrtis', 'macropoda']", hemicr,38
1598,"['Tricyrtis', 'macropoda']", hemicr,38
1599,"['Tricyrtis', 'macropoda']", hemicr,38
1600,"['Tricyrtis', 'maculata']", hemicr,36 40 41
1601,"['Tricyrtis', 'nana']", hemicr,38
1602,"['Tricyrtis', 'ohsumiensis']", hemicr,38
1603,"['Tricyrtis', 'perfoliata']", lithophyt,38
1604,"['Tricyrtis', 'puberula']", hemicr,36
1605,"['Tricyrtis', 'setouchiensis']", hemicr,38
1606,"['Tricyrtis', 'suzukii']", hemicr  lithophyt,38
1607,"['Tulipa', 'agenensis']", geophyte  bulb,34
1608,"['Tulipa', 'albanica']", geophyte  bulb,13
1609,"['Tulipa', 'alberti']", geophyte  bulb,32
1610,"['Tulipa', 'aleppensis']", geophyte  bulb,34
1611,"['Tulipa', 'altaica']", geophyte  bulb,30 32 36
1612,"['Tulipa', 'anisophylla']", geophyte  bulb,32
1613,"['Tulipa', 'armena']", geophyte  bulb,33 34
1614,"['Tulipa', 'auliekolica']", geophyte  bulb,32
1615,"['Tulipa', 'banuensis']", geophyte  bulb,34
1616,"['Tulipa', 'biflora']", geophyte  bulb,13 14 20 30 32 33 34 35 36 40
1617,"['Tulipa', 'bifloriformis']", geophyte  bulb,32
1618,"['Tulipa', 'boettgeri']", geophyte  bulb,32
1619,"['Tulipa', 'borszczowii']", geophyte  bulb,32
1620,"['Tulipa', 'botschantzevae']", geophyte  bulb,32 34
1621,"['Tulipa', 'butkovii']", geophyte  bulb,32
1622,"['Tulipa', 'carinata']", geophyte  bulb,32 34
1623,"['Tulipa', 'cinnabarina']", geophyte  bulb,34
1624,"['Tulipa', 'clusiana']", geophyte  bulb,34 40
1625,"['Tulipa', 'cretica']", geophyte  bulb,13
1626,"['Tulipa', 'cypria']", geophyte  bulb,34
1627,"['Tulipa', 'dasystemon']", geophyte  bulb,32 36
1628,"['Tulipa', 'dubia']", geophyte  bulb,32
1629,"['Tulipa', 'faribae']", geophyte  bulb,34
1630,"['Tulipa', 'ferganica']", geophyte  bulb,32
1631,"['Tulipa', 'foliosa']", geophyte  bulb,34
1632,"['Tulipa', 'fosteriana']", geophyte  bulb,32 34
1633,"['Tulipa', 'gesneriana']", geophyte  bulb,34
1634,"['Tulipa', 'greigii']", geophyte  bulb,32 34
1635,"['Tulipa', 'harazensis']", geophyte  bulb,34
1636,"['Tulipa', 'heteropetala']", geophyte  bulb,30 32 36
1637,"['Tulipa', 'heterophylla']", geophyte  bulb,32 36
1638,"['Tulipa', 'heweri']", geophyte  bulb,34
1639,"['Tulipa', 'hissarica']", geophyte  bulb,32
1640,"['Tulipa', 'hoogiana']", geophyte  bulb,32 34
1641,"['Tulipa', 'humilis']", geophyte  bulb,33 34
1642,"['Tulipa', 'hungarica']", geophyte  bulb,13
1643,"['Tulipa', 'iliensis']", geophyte  bulb,32 36
1644,"['Tulipa', 'ingens']", geophyte  bulb,32
1645,"['Tulipa', 'intermedia']", geophyte  bulb,32
1646,"['Tulipa', 'ivasczenkoae']", geophyte  bulb,32
1647,"['Tulipa', 'jacquesii']", geophyte  bulb,32
1648,"['Tulipa', 'julia']", geophyte  bulb,33 34
1649,"['Tulipa', 'kaufmanniana']", geophyte  bulb,32
1650,"['Tulipa', 'kolbintsevii']", geophyte  bulb,32
1651,"['Tulipa', 'kolpakowskiana']", geophyte  bulb,32 34 36
1652,"['Tulipa', 'korolkowii']", geophyte  bulb,32
1653,"['Tulipa', 'kosovarica']", geophyte  bulb,13
1654,"['Tulipa', 'koyuncui']", geophyte  bulb,34
1655,"['Tulipa', 'kuschkensis']", geophyte  bulb,32 34
1656,"['Tulipa', 'lanata']", geophyte  bulb,32 34 40
1657,"['Tulipa', 'lehmanniana']", geophyte  bulb,32 34
1658,"['Tulipa', 'lemmersii']", geophyte  bulb,32
1659,"['Tulipa', 'linifolia']", geophyte  bulb,32 34
1660,"['Tulipa', 'montana']", geophyte  bulb,32 34
1661,"['Tulipa', 'orithyioides']", geophyte  bulb,32
1662,"['Tulipa', 'orphanidea']", geophyte  bulb,13 34
1663,"['Tulipa', 'ostrowskiana']", geophyte  bulb,32
1664,"['Tulipa', 'persica']", geophyte  bulb,34
1665,"['Tulipa', 'platystemon']", geophyte  bulb,32
1666,"['Tulipa', 'praestans']", geophyte  bulb,32
1667,"['Tulipa', 'regelii']", geophyte  bulb,32
1668,"['Tulipa', 'saxatilis']", geophyte  bulb,34
1669,"['Tulipa', 'scardica']", geophyte  bulb,13
1670,"['Tulipa', 'scharipovii']", geophyte  bulb,32
1671,"['Tulipa', 'schmidtii']", geophyte  bulb,33 34
1672,"['Tulipa', 'serbica']", geophyte  bulb,13
1673,"['Tulipa', 'sinkiangensis']", geophyte  bulb,36
1674,"['Tulipa', 'sosnowskyi']", geophyte  bulb,33
1675,"['Tulipa', 'sprengeri']", geophyte  bulb,34
1676,"['Tulipa', 'suaveolens']", geophyte  bulb,14 32 33 34
1677,"['Tulipa', 'subquinquefolia']", geophyte  bulb,32
1678,"['Tulipa', 'sylvestris']", geophyte  bulb,12 13 14 20 30 32 33 36
1679,"['Tulipa', 'systola']", geophyte  bulb,34
1680,"['Tulipa', 'talassica']", geophyte  bulb,32
1681,"['Tulipa', 'tetraphylla']", geophyte  bulb,32 36
1682,"['Tulipa', 'turgaica']", geophyte  bulb,32
1683,"['Tulipa', 'turkestanica']", geophyte  bulb,32 36
1684,"['Tulipa', 'ulophylla']", geophyte  bulb,34
1685,"['Tulipa', 'undulatifolia']", geophyte  bulb,13 32 33 34
1686,"['Tulipa', 'uniflora']", geophyte  bulb,30 32 36 37
1687,"['Tulipa', 'urumiensis']", geophyte  bulb,32 34
1688,"['Tulipa', 'uzbekistanica']", geophyte  bulb,32
1689,"['Tulipa', 'vvedenskyi']", geophyte  bulb,32
1690,"['Campynema', 'lineare']", hemicr,50
1691,"['Campynemanthe', 'neocaledonica']", hemicr  cham,60
1692,"['Campynemanthe', 'parva']", hemicr,60
1693,"['Campynemanthe', 'viridiflora']", hemicr  cham,60
1694,"['Ripogonum', 'album']", cl.,43 50
1695,"['Ripogonum', 'brevifolium']", nanophan,50
1696,"['Ripogonum', 'discolor']", nanophan,50
1697,"['Ripogonum', 'elseyanum']", cl.,50
1698,"['Ripogonum', 'fawcettianum']", cl.,50
1699,"['Ripogonum', 'scandens']", cl.,51
1700,"['Arachnitis', 'uniflora']", hemicr  holomycotroph,83 85 90
1701,"['Corsia', 'acuminata']", geophyte  rhizome  holomycotroph,43
1702,"['Corsia', 'arfakensis']", geophyte  rhizome  holomycotroph,43
1703,"['Corsia', 'boridiensis']", geophyte  rhizome  holomycotroph,43
1704,"['Corsia', 'brassii']", geophyte  rhizome  holomycotroph,43
1705,"['Corsia', 'clypeata']", geophyte  rhizome  holomycotroph,43
1706,"['Corsia', 'cordata']", geophyte  rhizome  holomycotroph,43
1707,"['Corsia', 'cornuta']", geophyte  rhizome  holomycotroph,43
1708,"['Corsia', 'crenata']", geophyte  rhizome  holomycotroph,43
1709,"['Corsia', 'cyclopensis']", geophyte  rhizome  holomycotroph,43
1710,"['Corsia', 'dispar']", geophyte  rhizome  holomycotroph,50
1711,"['Corsia', 'haianjensis']", geophyte  rhizome  holomycotroph,43
1712,"['Corsia', 'huonensis']", geophyte  rhizome  holomycotroph,43
1713,"['Corsia', 'lamellata']", geophyte  rhizome  holomycotroph,43
1714,"['Corsia', 'merimantaensis']", geophyte  rhizome  holomycotroph,43
1715,"['Corsia', 'ornata']", geophyte  rhizome  holomycotroph,43 50
1716,"['Corsia', 'papuana']", geophyte  rhizome  holomycotroph,43
1717,"['Corsia', 'purpurata']", geophyte  rhizome  holomycotroph,43
1718,"['Corsia', 'pyramidata']", geophyte  rhizome  holomycotroph,43
1719,"['Corsia', 'resiensis']", geophyte  rhizome  holomycotroph,43
1720,"['Corsia', 'torricellensis']", geophyte  rhizome  holomycotroph,43
1721,"['Corsia', 'triceratops']", geophyte  rhizome  holomycotroph,43
1722,"['Corsia', 'unguiculata']", geophyte  rhizome  holomycotroph,43
1723,"['Corsia', 'viridopurpurea']", geophyte  rhizome  holomycotroph,43
1724,"['Corsia', 'wiakabui']", geophyte  rhizome  holomycotroph,43
1725,"['Corsia', 'wubungu']", geophyte  rhizome  holomycotroph,43
1726,"['Corsiopsis', 'chinensis']", holomycotroph,36
1727,"['Lapageria', 'rosea']", cl.  cham,85
1728,"['Philesia', 'magellanica']", cham  nanophan,85
