species,habit,range
Androcymbium albanense,tuber geophyte,27
Androcymbium albomarginatum,tuber geophyte,27
Androcymbium amphigaripense,tuber geophyte,27
Androcymbium austrocapense,tuber geophyte,27
Androcymbium bellum,tuber geophyte,27
Androcymbium buchubergense,tuber geophyte,27
Androcymbium burchellii,tuber geophyte,27
Androcymbium burkei,tuber geophyte,27
Androcymbium capense,tuber geophyte,27
Androcymbium cedarbergense,tuber geophyte,27
Androcymbium ciliolatum,tuber geophyte,27
Androcymbium circinatum,tuber geophyte,27
Androcymbium crenulatum,tuber geophyte,27
Androcymbium crispum,tuber geophyte,27
Androcymbium cruciatum,tuber geophyte,27
Androcymbium cuspidatum,tuber geophyte,27
Androcymbium decipiens,tuber geophyte,27
Androcymbium dregei,tuber geophyte,27
Androcymbium eghimocymbion,tuber geophyte,27
Androcymbium etesionamibense,tuber geophyte,27
Androcymbium eucomoides,tuber geophyte,27
Androcymbium europaeum,tuber geophyte,12 20
Androcymbium exiguum,tuber geophyte,27
Androcymbium gramineum,tuber geophyte,20 22
Androcymbium greuterocymbium,tuber geophyte,27
Androcymbium hantamense,tuber geophyte,27
Androcymbium henssenianum,tuber geophyte,27
Androcymbium hierrense,tuber geophyte,21
Androcymbium hughocymbion,tuber geophyte,27
Androcymbium huntleyi,tuber geophyte,27
Androcymbium irroratum,tuber geophyte,27
Androcymbium karooparkense,tuber geophyte,27
Androcymbium knersvlaktense,tuber geophyte,27
Androcymbium kunkelianum,tuber geophyte,27
Androcymbium leistneri,tuber geophyte,27
Androcymbium longipes,tuber geophyte,27
Androcymbium melanthioides,tuber geophyte,26 27
Androcymbium natalense,tuber geophyte,27
Androcymbium orienticapense,tuber geophyte,27
Androcymbium palaestinum,tuber geophyte,20 34
Androcymbium poeltianum,tuber geophyte,27
Androcymbium praeirroratum,tuber geophyte,27
Androcymbium psammophilum,tuber geophyte,21
Androcymbium rechingeri,tuber geophyte,13 20
Androcymbium roseum,tuber geophyte,26 27
Androcymbium scabromarginatum,tuber geophyte,27
Androcymbium schimperianum,tuber geophyte,24 35
Androcymbium stirtonii,tuber geophyte,27
Androcymbium striatum,tuber geophyte,24 25 26 27
Androcymbium swazicum,tuber geophyte,27
Androcymbium undulatum,tuber geophyte,27
Androcymbium vanjaarsveldii,tuber geophyte,27
Androcymbium villosum,tuber geophyte,27
Androcymbium volutare,tuber geophyte,27
Androcymbium walteri,tuber geophyte,27
Androcymbium worsonense,tuber geophyte,27
Baeometra uniflora,tuber geophyte,27
Burchardia bairdiae,tuber geophyte,50
Burchardia congesta,tuber geophyte,50
Burchardia monantha,tuber geophyte,50
Burchardia multiflora,tuber geophyte,50
Burchardia rosea,tuber geophyte,50
Burchardia umbellata,tuber geophyte,50
Camptorrhiza indica,tuber geophyte,40
Camptorrhiza strumosa,tuber geophyte,26 27
Colchicum alpinum,tuber geophyte,11 12 13
Colchicum androcymbioides,tuber geophyte,12
Colchicum antepense,tuber geophyte,34
Colchicum antilibanoticum,tuber geophyte,34
Colchicum arenarium,tuber geophyte,11 13 14
Colchicum arenasii,tuber geophyte,12
Colchicum asteranthum,tuber geophyte,13
Colchicum atticum,tuber geophyte,13 34
Colchicum autumnale,tuber geophyte,11 12 13
Colchicum balansae,tuber geophyte,13 34
Colchicum baytopiorum,tuber geophyte,34
Colchicum bivonae,tuber geophyte,12 13 34
Colchicum boissieri,tuber geophyte,13 34
Colchicum bulbocodium,tuber geophyte,11 12 13 14 33
Colchicum burttii,tuber geophyte,13 34
Colchicum chalcedonicum,tuber geophyte,13 34
Colchicum chimonanthum,tuber geophyte,13
Colchicum chlorobasis,tuber geophyte,34
Colchicum cilicicum,tuber geophyte,34
Colchicum confusum,tuber geophyte,13
Colchicum corsicum,tuber geophyte,12
Colchicum cretense,tuber geophyte,13
Colchicum crocifolium,tuber geophyte,34
Colchicum cupanii,tuber geophyte,12 13 20
Colchicum davisii,tuber geophyte,34
Colchicum decaisnei,tuber geophyte,34
Colchicum doerfleri,tuber geophyte,13
Colchicum dolichantherum,tuber geophyte,34
Colchicum eichleri,tuber geophyte,33
Colchicum euboeum,tuber geophyte,13
Colchicum fasciculare,tuber geophyte,34
Colchicum feinbruniae,tuber geophyte,34
Colchicum figlalii,tuber geophyte,34
Colchicum filifolium,tuber geophyte,12 20
Colchicum freynii,tuber geophyte,33 34
Colchicum gonarei,tuber geophyte,12
Colchicum gracile,tuber geophyte,13
Colchicum graecum,tuber geophyte,13
Colchicum greuteri,tuber geophyte,33
Colchicum haynaldii,tuber geophyte,13
Colchicum heldreichii,tuber geophyte,34
Colchicum hierosolymitanum,tuber geophyte,34
Colchicum hirsutum,tuber geophyte,34
Colchicum hungaricum,tuber geophyte,11 13
Colchicum ignescens,tuber geophyte,34
Colchicum imperatoris-friderici,tuber geophyte,34
Colchicum inundatum,tuber geophyte,34
Colchicum kesselringii,tuber geophyte,32 34 40
Colchicum kotschyi,tuber geophyte,34
Colchicum kurdicum,tuber geophyte,34
Colchicum laetum,tuber geophyte,14 33
Colchicum lagotum,tuber geophyte,34
Colchicum leptanthum,tuber geophyte,34
Colchicum lingulatum,tuber geophyte,13 34
Colchicum longifolium,tuber geophyte,12 13 20
Colchicum lusitanum,tuber geophyte,12 13 20
Colchicum luteum,tuber geophyte,32 34 36 40
Colchicum macedonicum,tuber geophyte,13
Colchicum macrophyllum,tuber geophyte,13 34
Colchicum manissadjianii,tuber geophyte,33 34
Colchicum maraschicum,tuber geophyte,34
Colchicum micaceum,tuber geophyte,34
Colchicum micranthum,tuber geophyte,13 34
Colchicum minutum,tuber geophyte,34
Colchicum mirzoevae,tuber geophyte,33
Colchicum montanum,tuber geophyte,12
Colchicum multiflorum,tuber geophyte,12
Colchicum munzurense,tuber geophyte,34
Colchicum nanum,tuber geophyte,12
Colchicum neapolitanum,tuber geophyte,13
Colchicum parlatoris,tuber geophyte,13
Colchicum parnassicum,tuber geophyte,13
Colchicum paschei,tuber geophyte,34
Colchicum peloponnesiacum,tuber geophyte,13
Colchicum persicum,tuber geophyte,34
Colchicum polyphyllum,tuber geophyte,34
Colchicum pulchellum,tuber geophyte,13
Colchicum pusillum,tuber geophyte,13 34
Colchicum raddeanum,tuber geophyte,33 34
Colchicum rausii,tuber geophyte,13
Colchicum ritchii,tuber geophyte,20 34 35
Colchicum robustum,tuber geophyte,32 34 40
Colchicum sanguicolle,tuber geophyte,34
Colchicum schimperi,tuber geophyte,20 34 35
Colchicum serpentinum,tuber geophyte,34
Colchicum sfikasianum,tuber geophyte,13
Colchicum sieheanum,tuber geophyte,34
Colchicum soboliferum,tuber geophyte,13 32 33 34
Colchicum speciosum,tuber geophyte,33 34
Colchicum stevenii,tuber geophyte,34
Colchicum szovitsii,tuber geophyte,13 32 33 34
Colchicum trigynum,tuber geophyte,33 34
Colchicum triphyllum,tuber geophyte,12 13 14 20 34
Colchicum troodi,tuber geophyte,34
Colchicum tunicatum,tuber geophyte,34
Colchicum turcicum,tuber geophyte,13 34
Colchicum tuviae,tuber geophyte,34
Colchicum umbrosum,tuber geophyte,14 33 34
Colchicum varians,tuber geophyte,34
Colchicum variegatum,tuber geophyte,13 34
Colchicum verlaqueae,tuber geophyte,12
Colchicum wendelboi,tuber geophyte,34
Colchicum woronowii,tuber geophyte,33
Colchicum zahnii,tuber geophyte,13
Disporum acuminatissimum,geophyte rhizome,36
Disporum acuminatum,geophyte rhizome,41
Disporum bodinieri,geophyte rhizome,36
Disporum calcaratum,geophyte rhizome,36 40 41
Disporum cantoniense,geophyte rhizome,36 40 41 42
Disporum hainanense,geophyte rhizome,36
Disporum jinfoshanense,tuber geophyte,36
Disporum kawakamii,geophyte rhizome,38
Disporum leucanthum,geophyte rhizome,36 40
Disporum longistylum,geophyte rhizome,36 40
Disporum lutescens,geophyte rhizome,38
Disporum megalanthum,geophyte rhizome,36
Disporum nantouense,geophyte rhizome,38
Disporum sessile,geophyte rhizome,31 38
Disporum shimadae,geophyte rhizome,38
Disporum smilacinum,geophyte rhizome,31 36 38
Disporum tonkinense,geophyte rhizome,41
Disporum trabeculatum,geophyte rhizome,36 41
Disporum uniflorum,geophyte rhizome,36 38
Disporum viridescens,geophyte rhizome,31 36 38
Gloriosa baudii,tuber geophyte,24 25
Gloriosa carsonii,tuber geophyte,23 24 25 26 27
Gloriosa flavovirens,tuber geophyte,26
Gloriosa lindenii,tuber geophyte,23 25 26
Gloriosa littonioides,tuber geophyte,23 25 26
Gloriosa modesta,tuber geophyte,26 27
Gloriosa revoilii,tuber geophyte,24 35
Gloriosa rigidifolia,tuber geophyte,27
Gloriosa sessiliflora,tuber geophyte,26 27
Gloriosa simplex,tuber geophyte,22 23 24 25 26 27 29
Gloriosa superba,tuber geophyte,22 23 24 25 26 27 29 36 40 41 42
Hexacyrtis dickiana,tuber geophyte,27
Iphigenia boinensis,tuber geophyte,29
Iphigenia indica,tuber geophyte,36 40 41 42 43 50
Iphigenia magnifica,tuber geophyte,40
Iphigenia mysorensis,tuber geophyte,40
Iphigenia oliveri,tuber geophyte,24 25 26 27 35
Iphigenia pallida,tuber geophyte,40
Iphigenia pauciflora,tuber geophyte,22 23 24 25 26
Iphigenia robusta,tuber geophyte,29
Iphigenia sahyadrica,tuber geophyte,40
Iphigenia socotrana,tuber geophyte,24
Iphigenia stellata,tuber geophyte,40
Kuntheria pedunculata,rhizome nanophan,50
Ornithoglossum calcicola,tuber geophyte,27
Ornithoglossum dinteri,tuber geophyte,27
Ornithoglossum gracile,tuber geophyte,27
Ornithoglossum parviflorum,tuber geophyte,27
Ornithoglossum pulchrum,tuber geophyte,27
Ornithoglossum undulatum,tuber geophyte,27
Ornithoglossum viride,tuber geophyte,27
Ornithoglossum vulgare,tuber geophyte,25 26 27
Ornithoglossum zeyheri,tuber geophyte,27
Sandersonia aurantiaca,geophyte bulb hel.,27
Schelhammera multiflora,geophyte rhizome,43 50
Schelhammera undulata,geophyte rhizome,50
Tripladenia cunninghamii,geophyte rhizome,50
Uvularia floridana,geophyte rhizome,78
Uvularia grandiflora,geophyte rhizome,71 72 74 75 78
Uvularia perfoliata,geophyte rhizome,72 75 77 78
Uvularia puberula,geophyte rhizome,75 78
Uvularia sessilifolia,geophyte rhizome,71 72 74 75 77 78
Wurmbea angustifolia,tuber geophyte,26 27
Wurmbea australis,tuber geophyte,50
Wurmbea biglandulosa,tuber geophyte,50
Wurmbea burttii,tuber geophyte,27
Wurmbea calcicola,tuber geophyte,50
Wurmbea capensis,tuber geophyte,27
Wurmbea centralis,tuber geophyte,50
Wurmbea cernua,tuber geophyte,50
Wurmbea citrina,tuber geophyte,50
Wurmbea compacta,tuber geophyte,27
Wurmbea decumbens,tuber geophyte,50
Wurmbea densiflora,tuber geophyte,50
Wurmbea deserticola,tuber geophyte,50
Wurmbea dilatata,tuber geophyte,50
Wurmbea dioica,tuber geophyte,50
Wurmbea dolichantha,tuber geophyte,27
Wurmbea drummondii,tuber geophyte,50
Wurmbea elatior,tuber geophyte,27
Wurmbea elongata,tuber geophyte,27
Wurmbea fluviatilis,tuber geophyte,50
Wurmbea glassii,tuber geophyte,27
Wurmbea graniticola,tuber geophyte,50
Wurmbea hiemalis,tuber geophyte,27
Wurmbea inflata,tuber geophyte,50
Wurmbea inframediana,tuber geophyte,50
Wurmbea inusta,tuber geophyte,27
Wurmbea kraussii,tuber geophyte,27
Wurmbea latifolia,tuber geophyte,50
Wurmbea marginata,tuber geophyte,27
Wurmbea minima,tuber geophyte,27
Wurmbea monantha,tuber geophyte,50
Wurmbea monopetala,tuber geophyte,27
Wurmbea murchisoniana,tuber geophyte hel.,50
Wurmbea nilpinna,tuber geophyte,50
Wurmbea novae-zelandiae,tuber geophyte,51
Wurmbea odorata,tuber geophyte,50
Wurmbea punctata,tuber geophyte,27
Wurmbea pusilla,tuber geophyte,27
Wurmbea pygmaea,tuber geophyte,50
Wurmbea recurva,tuber geophyte,27
Wurmbea robusta,tuber geophyte,27
Wurmbea saccata,tuber geophyte,50
Wurmbea sinora,tuber geophyte,50
Wurmbea spicata,tuber geophyte,27
Wurmbea stellata,tuber geophyte,50
Wurmbea stricta,tuber geophyte,27
Wurmbea tenella,tuber geophyte,50
Wurmbea tenuis,tuber geophyte,22 23 25 26 27
Wurmbea tubulosa,tuber geophyte,50
Wurmbea uniflora,tuber geophyte,50
Wurmbea variabilis,tuber geophyte,27
Petermannia cirrosa,cl.,50
Alstroemeria achirae,tuber geophyte,85
Alstroemeria albescens,tuber geophyte,84
Alstroemeria altoparadisea,tuber geophyte,84
Alstroemeria amabilis,tuber geophyte,84
Alstroemeria amazonica,tuber geophyte,82 84
Alstroemeria andina,tuber geophyte,85
Alstroemeria angustifolia,tuber geophyte,85
Alstroemeria annapolina,tuber geophyte,84
Alstroemeria apertiflora,tuber geophyte,84 85
Alstroemeria aquidauanica,tuber geophyte,84
Alstroemeria arnicana,tuber geophyte,84
Alstroemeria aulica,tuber geophyte,85
Alstroemeria aurea,tuber geophyte,85
Alstroemeria bahiensis,tuber geophyte,84
Alstroemeria bakeri,tuber geophyte,85
Alstroemeria bilabiata,tuber geophyte,85
Alstroemeria brasiliensis,tuber geophyte,84
Alstroemeria burchellii,tuber geophyte,84
Alstroemeria cabralensis,tuber geophyte,84
Alstroemeria caiaponica,tuber geophyte,84
Alstroemeria calliantha,tuber geophyte,84
Alstroemeria cantillanica,tuber geophyte,85
Alstroemeria capixaba,tuber geophyte,84
Alstroemeria caryophyllaea,tuber geophyte,84
Alstroemeria chapadensis,tuber geophyte,84
Alstroemeria chorillensis,tuber geophyte,83
Alstroemeria crispata,tuber geophyte,85
Alstroemeria cuiabana,tuber geophyte,84
Alstroemeria cultrifolia,tuber geophyte,84
Alstroemeria cunha,tuber geophyte,84
Alstroemeria decora,tuber geophyte,85
Alstroemeria diluta,tuber geophyte,85
Alstroemeria discolor,tuber geophyte,85
Alstroemeria douradensis,tuber geophyte,84
Alstroemeria espigonensis,tuber geophyte,84
Alstroemeria exserens,tuber geophyte,85
Alstroemeria fiebrigiana,tuber geophyte,83
Alstroemeria foliosa,tuber geophyte,84 85
Alstroemeria fuscovinosa,tuber geophyte,84
Alstroemeria garaventae,tuber geophyte,85
Alstroemeria gardneri,tuber geophyte,84
Alstroemeria glaucandra,tuber geophyte,85
Alstroemeria gouveiana,tuber geophyte,84
Alstroemeria graminea,tuber geophyte,85
Alstroemeria hookeri,tuber geophyte,85
Alstroemeria huemulina,tuber geophyte,85
Alstroemeria ibitipocae,tuber geophyte,84
Alstroemeria igarapavica,tuber geophyte,84
Alstroemeria inodora,tuber geophyte,84
Alstroemeria isabelleana,tuber geophyte,84 85
Alstroemeria itabiritensis,tuber geophyte,84
Alstroemeria itatiaica,tuber geophyte,84
Alstroemeria jocunda,tuber geophyte,85
Alstroemeria julieae,tuber geophyte,84
Alstroemeria kingii,tuber geophyte,85
Alstroemeria lactilutea,tuber geophyte,85
Alstroemeria landimana,tuber geophyte,84
Alstroemeria leporina,tuber geophyte,85
Alstroemeria ligtu,tuber geophyte,83 85
Alstroemeria litterata,tuber geophyte,84
Alstroemeria longaviensis,tuber geophyte,85
Alstroemeria longistaminea,tuber geophyte,84
Alstroemeria longistyla,tuber geophyte,84
Alstroemeria lutea,tuber geophyte,85
Alstroemeria magna,tuber geophyte,85
Alstroemeria magnifica,tuber geophyte,85
Alstroemeria malmeana,tuber geophyte,84
Alstroemeria marticorenae,tuber geophyte,85
Alstroemeria modesta,tuber geophyte,85
Alstroemeria mollensis,tuber geophyte,85
Alstroemeria monantha,tuber geophyte,85
Alstroemeria monticola,tuber geophyte,84
Alstroemeria nidularis,tuber geophyte,85
Alstroemeria nivea,tuber geophyte,85
Alstroemeria ochracea,tuber geophyte,84
Alstroemeria orchidioides,tuber geophyte,84
Alstroemeria oreas,tuber geophyte,85
Alstroemeria pallida,tuber geophyte,85
Alstroemeria paraensis,tuber geophyte,84
Alstroemeria patagonica,tuber geophyte,85
Alstroemeria paupercula,tuber geophyte,83 85
Alstroemeria pelegrina,tuber geophyte,83 85
Alstroemeria penduliflora,tuber geophyte,84
Alstroemeria philippii,tuber geophyte,85
Alstroemeria piauhyensis,tuber geophyte,84
Alstroemeria plantaginea,tuber geophyte,82 84
Alstroemeria poetica,tuber geophyte,85
Alstroemeria polpaicana,tuber geophyte,85
Alstroemeria polyphylla,tuber geophyte,85
Alstroemeria presliana,tuber geophyte,85
Alstroemeria pseudospathulata,tuber geophyte,85
Alstroemeria psittacina,tuber geophyte,84 85
Alstroemeria pubiflora,tuber geophyte,84
Alstroemeria pudica,tuber geophyte,85
Alstroemeria pulchra,tuber geophyte,85
Alstroemeria punctata,tuber geophyte,84
Alstroemeria pygmaea,tuber geophyte,83 85
Alstroemeria radula,tuber geophyte,84
Alstroemeria recumbens,tuber geophyte,85
Alstroemeria revoluta,tuber geophyte,85
Alstroemeria ribeirensis,tuber geophyte,84
Alstroemeria roseoviridis,tuber geophyte,84
Alstroemeria rupestris,tuber geophyte,84
Alstroemeria sabulosa,tuber geophyte,85
Alstroemeria schizanthoides,tuber geophyte,85
Alstroemeria sellowiana,tuber geophyte,84
Alstroemeria spathulata,tuber geophyte,85
Alstroemeria speciosa,tuber geophyte,84
Alstroemeria spectabilis,tuber geophyte,85
Alstroemeria stenopetala,tuber geophyte,84
Alstroemeria stenophylla,tuber geophyte,84
Alstroemeria stramonia,tuber geophyte,84
Alstroemeria talcaensis,tuber geophyte,85
Alstroemeria timida,tuber geophyte,85
Alstroemeria tombolatoana,tuber geophyte,84
Alstroemeria umbellata,tuber geophyte,85
Alstroemeria variegata,tuber geophyte,84
Alstroemeria venusta,tuber geophyte,85
Alstroemeria versicolor,tuber geophyte,85
Alstroemeria virginalis,tuber geophyte,85
Alstroemeria viridiflora,tuber geophyte,84
Alstroemeria werdermannii,tuber geophyte,85
Alstroemeria xavantinensis,tuber geophyte,84
Alstroemeria yaelae,tuber geophyte,85
Alstroemeria zoellneri,tuber geophyte,85
Bomarea acutifolia,geophyte rhizome,79 80
Bomarea albimontana,geophyte rhizome,83
Bomarea alstroemerioides,tuber geophyte cl.,83
Bomarea amazonica,tuber geophyte cl.,83
Bomarea amilcariana,tuber geophyte,82
Bomarea ampayesana,tuber geophyte,83
Bomarea anceps,geophyte rhizome,83
Bomarea andimarcana,tuber geophyte,83
Bomarea andreana,geophyte rhizome,80 82 83
Bomarea angulata,tuber geophyte,83
Bomarea angustissima,geophyte rhizome,83
Bomarea aurantiaca,geophyte rhizome,83
Bomarea boliviensis,geophyte rhizome,83 85
Bomarea brachysepala,geophyte rhizome,83
Bomarea bracteata,NA,83
Bomarea bracteolata,geophyte rhizome,80
Bomarea bredemeyeriana,tuber geophyte cl.,82 83
Bomarea brevis,geophyte rhizome,83
Bomarea callejasiana,tuber geophyte cl.,83
Bomarea campanularia,tuber geophyte,83
Bomarea campylophylla,geophyte rhizome,83
Bomarea carderi,geophyte rhizome,80 83
Bomarea caucana,tuber geophyte,83
Bomarea caudata,geophyte rhizome,83
Bomarea caudatisepala,geophyte rhizome cl.,80
Bomarea ceratophora,tuber geophyte,83
Bomarea chaparensis,tuber geophyte,83
Bomarea chimboracensis,geophyte rhizome,83
Bomarea chiriquina,geophyte rhizome,80
Bomarea coccinea,geophyte rhizome,83
Bomarea colombiana,tuber geophyte cl.,83
Bomarea cordifolia,geophyte rhizome,83
Bomarea cornigera,geophyte rhizome,83
Bomarea cornuta,tuber geophyte,83
Bomarea costaricensis,geophyte rhizome,80
Bomarea crassifolia,geophyte rhizome cl.,82 83
Bomarea crinita,geophyte rhizome,83
Bomarea crocea,geophyte rhizome cl.,83
Bomarea densiflora,tuber geophyte,83
Bomarea denticulata,geophyte rhizome,83
Bomarea diffracta,geophyte rhizome,83
Bomarea dispar,geophyte rhizome,83
Bomarea dissitifolia,tuber geophyte,83
Bomarea distichifolia,geophyte rhizome,83
Bomarea dolichocarpa,tuber geophyte,83
Bomarea dulcis,geophyte rhizome,83 85
Bomarea edulis,tuber geophyte,79 80 81 82 83 84 85
Bomarea endotrachys,geophyte rhizome cl.,83
Bomarea engleriana,geophyte rhizome,83
Bomarea euryantha,tuber geophyte,83
Bomarea euryphylla,tuber geophyte,83
Bomarea evecta,geophyte rhizome,83
Bomarea ferreyrae,geophyte rhizome,83
Bomarea foertheriana,tuber geophyte cl.,83
Bomarea formosissima,geophyte rhizome,83
Bomarea glaucescens,tuber geophyte,83
Bomarea goniocaulon,tuber geophyte,83
Bomarea graminifolia,tuber geophyte,83
Bomarea hartwegii,geophyte rhizome,83
Bomarea herbertiana,geophyte rhizome,83
Bomarea herrerae,geophyte rhizome,83
Bomarea hieronymi,geophyte rhizome,83
Bomarea hirsuta,tuber geophyte,80 83
Bomarea huanuco,tuber geophyte cl.,83
Bomarea inaequalis,geophyte rhizome,83
Bomarea involucrosa,tuber geophyte,83
Bomarea kraenzlinii,geophyte rhizome,83
Bomarea lancifolia,tuber geophyte,83
Bomarea latifolia,NA,83
Bomarea libertadensis,tuber geophyte cl.,83
Bomarea linifolia,geophyte rhizome,83
Bomarea longipes,tuber geophyte,83
Bomarea longistyla,geophyte rhizome,83
Bomarea lopezii,tuber geophyte cl.,82
Bomarea lutea,tuber geophyte,83
Bomarea macrocephala,tuber geophyte,83 85
Bomarea macusanii,tuber geophyte cl.,83
Bomarea moritziana,tuber geophyte,82 83
Bomarea multiflora,tuber geophyte,83
Bomarea multipes,tuber geophyte,83
Bomarea nematocaulon,geophyte rhizome,83
Bomarea nervosa,geophyte rhizome,83
Bomarea nubigena,geophyte rhizome,83
Bomarea obovata,tuber geophyte,80 83
Bomarea ovallei,geophyte rhizome,85
Bomarea ovata,tuber geophyte,83 85
Bomarea oxytepala,tuber geophyte,83
Bomarea pardina,geophyte rhizome,83
Bomarea parvifolia,geophyte rhizome,83
Bomarea patacocensis,tuber geophyte,83
Bomarea patinii,tuber geophyte,83
Bomarea pauciflora,tuber geophyte cl.,82 83
Bomarea perglabra,tuber geophyte,83
Bomarea peruviana,geophyte rhizome,83
Bomarea porrecta,geophyte rhizome,83
Bomarea pseudopurpurea,tuber geophyte cl.,83
Bomarea pudibunda,geophyte rhizome,83
Bomarea pumila,geophyte rhizome,83
Bomarea puracensis,tuber geophyte cl.,83
Bomarea purpurea,tuber geophyte cl.,82 83
Bomarea rinconii,NA,80
Bomarea rosea,geophyte rhizome,83
Bomarea salicifolia,geophyte rhizome,82
Bomarea salsilla,geophyte rhizome,85
Bomarea secundifolia,geophyte rhizome epiphyt,83
Bomarea setacea,tuber geophyte,83
Bomarea shuttleworthii,geophyte rhizome,83
Bomarea speciosa,geophyte rhizome,83
Bomarea spissiflora,tuber geophyte,83
Bomarea stans,geophyte rhizome,83 85
Bomarea suberecta,geophyte rhizome,80
Bomarea superba,geophyte rhizome,83
Bomarea tarmensis,geophyte rhizome,83
Bomarea torta,geophyte rhizome,83
Bomarea tribrachiata,tuber geophyte,83
Bomarea trichophylla,geophyte rhizome,83
Bomarea trimorphophylla,tuber geophyte,83
Bomarea truxillensis,geophyte rhizome cl.,82
Bomarea uncifolia,geophyte rhizome,83
Bomarea vargasii,tuber geophyte,83
Bomarea velascoana,tuber geophyte,83
Bomarea vitellina,geophyte rhizome,83
Bomarea weigendii,tuber geophyte cl.,83
Drymophila cyanocarpa,geophyte rhizome,50
Drymophila moorei,geophyte rhizome,50
Luzuriaga marginata,cham,85 90
Luzuriaga parviflora,hemicr,51
Luzuriaga polyphylla,hemicr,85
Luzuriaga radicans,hemicr,85
Amianthium muscitoxicum,hemicr,74 75 78
Anticlea elegans,geophyte bulb,70 71 72 73 74 75 76 77 78 79
Anticlea frigida,geophyte bulb,79
Anticlea hintoniorum,geophyte bulb,79
Anticlea mogollonensis,geophyte bulb,77
Anticlea neglecta,geophyte bulb,79
Anticlea occidentalis,geophyte bulb,71 73 76
Anticlea sachalinensis,geophyte bulb,31
Anticlea sibirica,geophyte bulb,14 30 31 36 37 38
Anticlea virescens,geophyte bulb,73 76 77 79
Anticlea volcanica,geophyte bulb,79 80
Chamaelirium luteum,geophyte rhizome hemicr,72 74 75 78
Chionographis actinomorpha,hemicr,41
Chionographis chinensis,hemicr,36
Chionographis cordifolia,hemicr,38
Chionographis hisauchiana,hemicr,38
Chionographis japonica,hemicr,38
Chionographis koidzumiana,hemicr,38
Chionographis nanlingensis,hemicr,36
Chionographis shiwandashanensis,hemicr,36
Helonias bullata,hemicr,75 78
Heloniopsis breviscapa,geophyte rhizome,38
Heloniopsis kawanoi,geophyte rhizome hemicr,38
Heloniopsis koreana,geophyte rhizome hemicr,38
Heloniopsis leucantha,geophyte rhizome hemicr,38
Heloniopsis orientalis,geophyte rhizome,31 38
Heloniopsis tubiflora,geophyte rhizome hemicr,38
Heloniopsis umbellata,geophyte rhizome hemicr,38
Paris axialis,geophyte rhizome,36
Paris bashanensis,geophyte rhizome,36
Paris caobangensis,hemicr,41
Paris cronquistii,geophyte rhizome,36 41
Paris daliensis,geophyte rhizome,36
Paris delavayi,geophyte rhizome,36 41
Paris dulongensis,geophyte rhizome,36
Paris dunniana,geophyte rhizome,36 41
Paris fargesii,geophyte rhizome,36 40 41
Paris forrestii,geophyte rhizome,36 41
Paris guizhouensis,geophyte rhizome,36
Paris incompleta,geophyte rhizome,33 34
Paris japonica,geophyte rhizome,38
Paris luquanensis,geophyte rhizome,36
Paris mairei,geophyte rhizome,36
Paris marmorata,geophyte rhizome,36 40
Paris polyandra,geophyte rhizome,36
Paris polyphylla,geophyte rhizome,36 38 40 41
Paris quadrifolia,geophyte rhizome,10 11 12 13 14 30 32 33 34 36 37
Paris rugosa,geophyte rhizome,36
Paris stigmatosa,geophyte rhizome,36
Paris tetraphylla,geophyte rhizome,38
Paris thibetica,geophyte rhizome,36 40 41
Paris undulata,geophyte rhizome,36
Paris vaniotii,geophyte rhizome,36 41
Paris verticillata,geophyte rhizome,30 31 36 37 38
Paris vietnamensis,geophyte rhizome,36 41
Pseudotrillium rivale,geophyte rhizome,73 76
Schoenocaulon calcicola,geophyte bulb,79
Schoenocaulon caricifolium,geophyte bulb,79
Schoenocaulon comatum,geophyte bulb,79
Schoenocaulon conzattii,geophyte bulb,79
Schoenocaulon dubium,geophyte bulb,78
Schoenocaulon frameae,geophyte bulb,79
Schoenocaulon ghiesbreghtii,geophyte bulb,77 79
Schoenocaulon ignigenum,geophyte bulb,79
Schoenocaulon intermedium,geophyte bulb,79
Schoenocaulon jaliscense,geophyte bulb,79
Schoenocaulon macrocarpum,geophyte bulb,79
Schoenocaulon madidorum,geophyte bulb,79
Schoenocaulon megarrhizum,geophyte bulb,79
Schoenocaulon mortonii,geophyte bulb,79
Schoenocaulon oaxacense,geophyte bulb,79
Schoenocaulon obtusum,geophyte bulb,79
Schoenocaulon officinale,geophyte bulb,79 80 82
Schoenocaulon pellucidum,geophyte bulb,79
Schoenocaulon plumosum,geophyte bulb,79
Schoenocaulon pringlei,geophyte bulb,79
Schoenocaulon rzedowskii,geophyte bulb,79
Schoenocaulon tenorioi,geophyte bulb,79
Schoenocaulon tenue,geophyte bulb,79
Schoenocaulon tenuifolium,geophyte bulb,79
Schoenocaulon texanum,geophyte bulb,77 79
Schoenocaulon tigrense,geophyte bulb,79
Stenanthium densum,geophyte bulb,75 77 78
Stenanthium diffusum,geophyte bulb,78
Stenanthium gramineum,geophyte bulb,74 75 77 78
Toxicoscordion brevibracteatum,geophyte bulb,76 79
Toxicoscordion exaltatum,geophyte bulb,76
Toxicoscordion fontanum,geophyte bulb,76
Toxicoscordion fremontii,geophyte bulb,73 76 79
Toxicoscordion micranthum,geophyte bulb,73 76
Toxicoscordion nuttallii,geophyte bulb,74 77 78
Toxicoscordion paniculatum,geophyte bulb,73 76 77 79
Toxicoscordion venenosum,geophyte bulb,71 73 74 76 77 79
Trillium albidum,geophyte rhizome,73 76
Trillium angustipetalum,geophyte rhizome,76
Trillium apetalon,geophyte rhizome,31 38
Trillium camschatcense,geophyte rhizome,31 36 38
Trillium catesbaei,geophyte rhizome,78
Trillium cernuum,geophyte rhizome,71 72 74 75 78
Trillium channellii,geophyte rhizome,38
Trillium chloropetalum,geophyte rhizome,76
Trillium cuneatum,geophyte rhizome,74 78
Trillium decipiens,geophyte rhizome,78
Trillium decumbens,geophyte rhizome,78
Trillium discolor,geophyte rhizome,78
Trillium erectum,geophyte rhizome,72 74 75 78
Trillium flexipes,geophyte rhizome,72 74 75 78
Trillium foetidissimum,geophyte rhizome,78
Trillium govanianum,geophyte rhizome,34 36 40
Trillium gracile,geophyte rhizome,77 78
Trillium grandiflorum,geophyte rhizome,72 74 75 78
Trillium kurabayashii,geophyte rhizome,73 76
Trillium lancifolium,geophyte rhizome,78
Trillium ludovicianum,geophyte rhizome,78
Trillium luteum,geophyte rhizome,78
Trillium maculatum,geophyte rhizome,78
Trillium nivale,geophyte rhizome,74 75 78
Trillium oostingii,geophyte rhizome,78
Trillium ovatum,geophyte rhizome,71 73 76
Trillium ovatum,geophyte rhizome,71
Trillium persistens,geophyte rhizome,78
Trillium petiolatum,geophyte rhizome,73
Trillium pusillum,geophyte rhizome,74 75 77 78
Trillium recurvatum,geophyte rhizome,74 75 77 78
Trillium reliquum,geophyte rhizome,78
Trillium rugelii,geophyte rhizome,78
Trillium sessile,geophyte rhizome,74 75 78
Trillium simile,geophyte rhizome,78
Trillium smallii,geophyte rhizome,31 38
Trillium stamineum,geophyte rhizome,78
Trillium sulcatum,geophyte rhizome,75 78
Trillium taiwanense,geophyte rhizome,38
Trillium tschonoskii,geophyte rhizome,31 36 38 40 41
Trillium underwoodii,geophyte rhizome,78
Trillium undulatum,geophyte rhizome,72 75 78
Trillium vaseyi,geophyte rhizome,78
Trillium viride,geophyte rhizome,74
Trillium viridescens,geophyte rhizome,74 77 78
Veratrum albiflorum,geophyte rhizome hemicr,31
Veratrum album,geophyte rhizome,10 11 12 13 14 30 33 34
Veratrum anticleoides,hemicr,31
Veratrum californicum,geophyte rhizome hemicr,73 76 77 79
Veratrum dahuricum,geophyte rhizome hemicr,30 31 36 38
Veratrum dolichopetalum,geophyte rhizome hemicr,31 36 38
Veratrum fimbriatum,geophyte rhizome hemicr,76
Veratrum formosanum,geophyte rhizome hemicr,38
Veratrum grandiflorum,geophyte rhizome hemicr,36
Veratrum hybridum,geophyte rhizome hemicr,75 78
Veratrum insolitum,geophyte rhizome hemicr,73 76
Veratrum lobelianum,geophyte rhizome hemicr,11 13 14 30 31 32 33 36 37
Veratrum longebracteatum,geophyte rhizome hemicr,38
Veratrum maackii,geophyte rhizome hemicr,31 36 38
Veratrum maximum,hemicr,38
Veratrum mengtzeanum,geophyte rhizome hemicr,36 41
Veratrum micranthum,geophyte rhizome hemicr,36
Veratrum nigrum,geophyte rhizome,11 12 13 14 30 31 32 36 37 38
Veratrum oblongum,geophyte rhizome hemicr,36
Veratrum oxysepalum,geophyte rhizome hemicr,30 31 36 38 70
Veratrum parviflorum,geophyte rhizome hemicr,75 78
Veratrum schindleri,geophyte rhizome hemicr,36
Veratrum shanense,geophyte rhizome hemicr,36 41
Veratrum stamineum,geophyte rhizome hemicr,38
Veratrum taliense,geophyte rhizome hemicr,36
Veratrum versicolor,geophyte rhizome hemicr,36 38
Veratrum virginicum,geophyte rhizome hemicr,74 75 77 78
Veratrum viride,geophyte rhizome hemicr,70 71 72 73 75 76 78
Veratrum woodii,geophyte rhizome hemicr,74 75 78
Xerophyllum asphodeloides,hemicr,75 78
Xerophyllum tenax,hemicr,71 73 76
Ypsilandra alpina,geophyte rhizome,36 41
Ypsilandra cavaleriei,geophyte rhizome,36
Ypsilandra jinpingensis,geophyte rhizome,36 41
Ypsilandra kansuensis,geophyte rhizome,36
Ypsilandra thibetica,geophyte rhizome,36 38
Ypsilandra yunnanensis,geophyte rhizome,36 40 41
Zigadenus glaberrimus,geophyte rhizome,78
Smilax aberrans,nanophan,36 41
Smilax aculeatissima,cl.,50
Smilax amamiana,NA,38
Smilax amblyobasis,cl.,43
Smilax ampla,cl.,43
Smilax anceps,cl.,22 23 24 25 26 27 29
Smilax anguina,cl.,43
Smilax annulata,cl.,43
Smilax aquifolium,cl.,81
Smilax arisanensis,cl.,36 38 41
Smilax aristolochiifolia,cl.,79 80
Smilax aspera,cl.,12 13 20 21 23 24 25 26 34 36 40 41
Smilax aspericaulis,cl.,36 38 40 41 42
Smilax assumptionis,cl. nanophan,83 85
Smilax astrosperma,cl.,36
Smilax auriculata,geophyte bulb hel.,78 81
Smilax australis,cl.,50
Smilax austrozhejiangensis,nanophan,36
Smilax azorica,cl.,21
Smilax bapouensis,nanophan,36
Smilax basilata,cl.,36
Smilax bauhinioides,cl.,36 41
Smilax bella,cl.,83
Smilax biflora,geophyte rhizome,38
Smilax biltmoreana,cl. hemicr,78
Smilax binchuanensis,cl.,36
Smilax biumbellata,cl.,36 40 41
Smilax blumei,cl.,41 42 43 50
Smilax bockii,cl.,36 38 40 41
Smilax bona-nox,geophyte bulb hel.,74 75 77 78 79 81
Smilax borneensis,cl.,42
Smilax bracteata,cl.,36 38 41 42 62
Smilax brasiliensis,nanophan,84
Smilax californica,hydrogeophyte tuber,73 76
Smilax calophylla,cl.,41 42 50
Smilax cambodiana,cl.,41
Smilax campestris,cl.,83 84 85
Smilax canariensis,cl.,21
Smilax canellifolia,cl.,81
Smilax celebica,cl.,42
Smilax chapaensis,cl.,36 41
Smilax china,cl.,36 38 40 41 42
Smilax chinensis,cl.,36
Smilax chingii,cl.,36
Smilax cinnamomea,cl.,82
Smilax cissoides,cl.,84
Smilax cocculoides,nanophan,36
Smilax cognata,cl.,83 84 85
Smilax compta,cl.,80
Smilax corbularia,cl.,36 41 42
Smilax cordato-ovata,cl.,82
Smilax cordifolia,cl.,79 81
Smilax coriacea,cl.,81
Smilax cristalensis,cl.,81
Smilax cuprea,cl.,81
Smilax cuspidata,cl.,82
Smilax darrisii,nanophan,36
Smilax davidiana,cl. nanophan,36 40 41
Smilax densibarbata,cl.,36
Smilax discotis,nanophan,36
Smilax domingensis,cl.,79 80 81 82 83 84
Smilax ecirrhata,cl. hemicr,72 74 75 78
Smilax elastica,cl. nanophan,83 84
Smilax elegans,cl.,36 40 41
Smilax elegantissima,cl.,36 41
Smilax elmeri,cl.,42
Smilax elongatoumbellata,nanophan,38
Smilax emeiensis,nanophan,36
Smilax erecta,nanophan,42
Smilax excelsa,cl.,13 33 34
Smilax extensa,cl.,41 42
Smilax ferox,cl. nanophan,36 40 41
Smilax flavicaulis,cl.,83
Smilax fluminensis,cl.,80 82 83 84 85
Smilax fooningensis,cl.,36
Smilax fortunensis,NA,80
Smilax fui,NA,38
Smilax gagnepainii,cl.,36 41
Smilax gaudichaudiana,cl.,36 38 41
Smilax gigantea,cl.,42
Smilax gigantocarpa,cl.,42
Smilax glabra,tuber geophyte cl.,36 38 40 41
Smilax glauca,geophyte bulb hel.,74 75 77 78 79
Smilax glaucochina,cl.,36 38
Smilax glyciphylla,cl.,50
Smilax goyazana,nanophan,83 84 85
Smilax gracilior,cl.,81
Smilax griffithii,cl.,36 40 41
Smilax guianensis,cl.,81 82
Smilax guiyangensis,cl.,36
Smilax havanensis,hydrogeophyte tuber,78 81
Smilax hayatae,nanophan,36 38
Smilax hemsleyana,cl.,36 40 41
Smilax herbacea,cl. hemicr,72 75 78
Smilax hilariana,cl.,84
Smilax hirtellicaulis,NA,36
Smilax horridiramula,cl.,38
Smilax hugeri,hydrogeophyte tuber,78
Smilax hypoglauca,cl.,36 42
Smilax ilicifolia,cl.,81
Smilax illinoensis,cl. hemicr,72 74 75
Smilax indosinica,cl.,41
Smilax inversa,cl.,41 42
Smilax irrorata,cl. nanophan,82 83 84
Smilax jamesii,hydrogeophyte tuber,76
Smilax japicanga,cl.,84
Smilax javensis,cl.,42
Smilax kaniensis,cl.,43 50
Smilax keyensis,cl.,42
Smilax kingii,cl.,40 42
Smilax klotzschii,cl.,42
Smilax korthalsii,cl.,42
Smilax kwangsiensis,cl.,36
Smilax lanceifolia,cl.,36 38 40 41 42
Smilax lappacea,cl.,82 83 84
Smilax larvata,cl.,84
Smilax lasioneura,cl. hemicr,71 72 73 74 75 77 78
Smilax laurifolia,hydrogeophyte tuber,74 77 78 81
Smilax lebrunii,cl.,36 41
Smilax leucophylla,cl.,41 42 43 50
Smilax ligneoriparia,cl.,36
Smilax ligustrifolia,cl.,60
Smilax loheri,cl.,42
Smilax longiflora,cl.,36
Smilax longifolia,cl.,81 82 83 84
Smilax lucida,cl.,42
Smilax luei,cl.,38
Smilax lunglingensis,cl.,36
Smilax lushuiensis,cl.,36
Smilax lutescens,cl.,84
Smilax luzonensis,cl.,40 41 42
Smilax macrocarpa,cl.,42
Smilax magnifolia,cl.,83
Smilax mairei,nanophan,36
Smilax malipoensis,cl.,36
Smilax maritima,hydrogeophyte tuber,74 77 78
Smilax maypurensis,cl.,82 83 84
Smilax megacarpa,cl.,36 40 41 42
Smilax megalantha,cl.,36 41
Smilax melanocarpa,cl.,43
Smilax melastomifolia,cl.,63
Smilax menispermoidea,cl.,36 40 41
Smilax micrandra,cl.,36
Smilax micrantha,cl.,42
Smilax microchina,nanophan,41
Smilax microdontus,NA,36
Smilax microphylla,cl.,36
Smilax minarum,cl.,84
Smilax minutiflora,nanophan,40
Smilax modesta,cl.,42
Smilax mollis,cl.,79 80 81 82 83
Smilax moranensis,cl.,79 80
Smilax munita,nanophan,36 40 41
Smilax muscosa,cl.,84
Smilax myosotiflora,cl.,41 42
Smilax myrtillus,nanophan,36 40 41
Smilax nageliana,cl.,42
Smilax nana,cham nanophan,36
Smilax nantoensis,cl.,38
Smilax neocaledonica,cl.,60
Smilax neocyclophylla,nanophan,36
Smilax nervomarginata,nanophan,36 38
Smilax nigrescens,cl.,36
Smilax nipponica,ther,36 38
Smilax nova-guineensis,cl.,43
Smilax obliquata,cl.,83
Smilax oblongata,cl.,81 82
Smilax oblongifolia,nanophan,84
Smilax ocreata,cl.,36 40 41
Smilax odoratissima,cl.,40 41 42
Smilax officinalis,cl.,80 83
Smilax orbiculata,cl.,60
Smilax ornata,cl.,79 80
Smilax orthoptera,cl.,40 41
Smilax outanscianensis,cl.,36
Smilax ovalifolia,cl.,36 40 41
Smilax ovatolanceolata,cl.,42
Smilax pachysandroides,cham nanophan,36
Smilax paniculata,cl.,41
Smilax papuana,cl.,43
Smilax perfoliata,cl.,36 38 40 41
Smilax pertenuis,cl.,41
Smilax petelotii,cl.,36 41
Smilax pilcomayensis,cl. nanophan,83 84 85
Smilax pilosa,NA,84
Smilax pinfaensis,nanophan,36
Smilax plurifurcata,cl.,60
Smilax poilanei,cl.,41
Smilax polyacantha,cl.,40 41 42
Smilax polyandra,cl.,36 40 41
Smilax polyantha,cl.,83 84 85
Smilax polycolea,cl.,36
Smilax populnea,cl.,81
Smilax pottingeri,cl.,36 40 41
Smilax pseudochina,cl. hemicr,40 75 78
Smilax pulverulenta,cl. hemicr,74 75 78
Smilax pumila,hydrogeophyte tuber,77 78
Smilax purhampuy,cl.,80 82 83 84
Smilax purpurata,cl.,60
Smilax pygmaea,cl.,38 42
Smilax quadrata,cl.,36 40 41
Smilax quadrumbellata,cl.,40
Smilax quinquenervia,cl. nanophan,82 83 84
Smilax remotinervis,cl.,84
Smilax retroflexa,nanophan,36 41
Smilax riparia,cl.,31 36 38 41 42
Smilax rotundifolia,hydrogeophyte tuber,72 74 75 77 78
Smilax roxburghiana,cl.,40
Smilax rubromarginata,cl.,43
Smilax rufescens,cl. nanophan,82 83 84
Smilax ruiziana,cl.,83
Smilax salicifolia,cl.,84
Smilax sanguinea,cl.,83
Smilax santaremensis,cl.,82 84
Smilax saulensis,cl.,82
Smilax schomburgkiana,cl.,81 82 83 84
Smilax scobinicaulis,cl.,36
Smilax sebeana,cl.,38
Smilax seisuiensis,cl.,38
Smilax septemnervia,cl.,36 41
Smilax setiramula,cl.,36
Smilax setosa,cl.,42
Smilax sieboldii,cl.,36 38
Smilax silverstonei,NA,83
Smilax sinclairii,cl.,42
Smilax siphilitica,cl. nanophan,81 82 83 84
Smilax solanifolia,cl.,81 82
Smilax spicata,cl.,84
Smilax spinosa,cl. nanophan,79 80 81 82 83 84
Smilax spissa,cl.,80
Smilax spruceana,cl.,84
Smilax stans,nanophan,36 38
Smilax stenophylla,cl.,84
Smilax subinermis,cl.,83
Smilax subpubescens,cl.,79 80
Smilax subsessiliflora,cl.,84
Smilax sumatrensis,cl.,41 42
Smilax synandra,nanophan,36 41
Smilax talbotiana,cl.,82
Smilax tamnoides,tuber geophyte,72 74 75 77 78 79
Smilax tetraptera,cl.,60
Smilax timorensis,cl.,42
Smilax tomentosa,cl.,79 82 83
Smilax trachypoda,nanophan,36
Smilax trinervula,cham,36 38
Smilax tsinchengshanensis,nanophan,36
Smilax tuberculata,cl.,83
Smilax turbans,cl.,40
Smilax utilis,phan,43
Smilax vaginata,cham,34 40
Smilax vanchingshanensis,cl.,36
Smilax velutina,cl.,79 80
Smilax verrucosa,cl.,84 85
Smilax verticalis,cl. nanophan,41
Smilax vitiensis,cl.,60
Smilax wallichii,cl.,40
Smilax walteri,hydrogeophyte tuber,77 78
Smilax wightii,cl.,40
Smilax williamsii,cl.,42
Smilax yunnanensis,cl.,36
Smilax zeylanica,cl. nanophan,40 41 42 43
Amana anhuiensis,geophyte bulb,36
Amana edulis,geophyte bulb,36 38
Amana erythronioides,geophyte bulb,36 38
Amana kuocangshanica,geophyte bulb,36
Amana wanzhensis,geophyte bulb,36
Calochortus albus,geophyte bulb,76 79
Calochortus amabilis,geophyte bulb,76
Calochortus ambiguus,geophyte bulb,76 77 79
Calochortus amoenus,geophyte bulb,76
Calochortus apiculatus,geophyte bulb,71 73
Calochortus argillosus,geophyte bulb,76
Calochortus aureus,geophyte bulb,73 76 77
Calochortus balsensis,geophyte bulb,79
Calochortus barbatus,geophyte bulb,79
Calochortus bruneaunis,geophyte bulb,73 76
Calochortus catalinae,geophyte bulb,76
Calochortus cernuus,geophyte bulb,79
Calochortus ciscoensis,geophyte bulb,76
Calochortus clavatus,geophyte bulb,76
Calochortus coeruleus,geophyte bulb,76
Calochortus concolor,geophyte bulb,76 79
Calochortus coxii,geophyte bulb,73
Calochortus dunnii,geophyte bulb,76 79
Calochortus elegans,geophyte bulb,73 76
Calochortus eurycarpus,geophyte bulb,73 76
Calochortus excavatus,geophyte bulb,76
Calochortus exilis,geophyte bulb,79
Calochortus fimbriatus,geophyte bulb,76
Calochortus flexuosus,geophyte bulb,73 76 77 79
Calochortus foliosus,geophyte bulb,79
Calochortus fuscus,geophyte bulb,79
Calochortus ghiesbreghtii,geophyte bulb,79 80
Calochortus greenei,geophyte bulb,73 76
Calochortus gunnisonii,geophyte bulb,73 74 76 77
Calochortus hartwegii,geophyte bulb,79
Calochortus howellii,geophyte bulb,73
Calochortus invenustus,geophyte bulb,76
Calochortus kennedyi,geophyte bulb,76 77 79
Calochortus leichtlinii,geophyte bulb,73 76
Calochortus longibarbatus,geophyte bulb,73 76
Calochortus luteus,geophyte bulb,76
Calochortus lyallii,geophyte bulb,71 73
Calochortus macrocarpus,geophyte bulb,71 73 76
Calochortus marcellae,geophyte bulb,79
Calochortus mendozae,geophyte bulb,79
Calochortus minimus,geophyte bulb,76
Calochortus monanthus,geophyte bulb,76 24
Calochortus monophyllus,geophyte bulb,76
Calochortus nigrescens,geophyte bulb,79
Calochortus nitidus,geophyte bulb,73
Calochortus nudus,geophyte bulb,73 76
Calochortus nuttallii,geophyte bulb,73 74 76 77
Calochortus obispoensis,geophyte bulb,76
Calochortus palmeri,geophyte bulb,76
Calochortus panamintensis,geophyte bulb,76
Calochortus persistens,geophyte bulb,73 76
Calochortus plummerae,geophyte bulb,76
Calochortus pringlei,geophyte bulb,79
Calochortus pulchellus,geophyte bulb,76
Calochortus purpureus,geophyte bulb,79
Calochortus raichei,geophyte bulb,76
Calochortus rustvoldii,geophyte bulb,76
Calochortus simulans,geophyte bulb,76
Calochortus spatulatus,geophyte bulb,79
Calochortus splendens,geophyte bulb,76 79
Calochortus striatus,geophyte bulb,76
Calochortus subalpinus,geophyte bulb,73
Calochortus superbus,geophyte bulb,76
Calochortus syntrophus,geophyte bulb,76
Calochortus tiburonensis,geophyte bulb,76
Calochortus tolmiei,geophyte bulb,73 76
Calochortus umbellatus,geophyte bulb,76
Calochortus umpquaensis,geophyte bulb,73
Calochortus uniflorus,geophyte bulb,73 76
Calochortus venustulus,geophyte bulb,79
Calochortus venustus,geophyte bulb,76
Calochortus vestae,geophyte bulb,76
Calochortus weedii,geophyte bulb,76 79
Calochortus westonii,geophyte bulb,76
Cardiocrinum cathayanum,geophyte bulb,36
Cardiocrinum cordatum,geophyte bulb,31 38
Cardiocrinum giganteum,geophyte bulb,36 40 41
Clintonia andrewsiana,hemicr,73 76
Clintonia borealis,hemicr,71 72 74 75 78
Clintonia udensis,hemicr,31 36 38 40 41
Clintonia umbellulata,hemicr,75 78
Clintonia uniflora,geophyte rhizome,70 71 73 76
Erythronium albidum,geophyte bulb,72 74 75 77 78
Erythronium americanum,geophyte bulb,72 74 75 78
Erythronium californicum,geophyte bulb,76
Erythronium caucasicum,geophyte bulb,33 34
Erythronium citrinum,geophyte bulb,73 76
Erythronium dens-canis,geophyte bulb,11 12 13 14
Erythronium elegans,geophyte bulb,73
Erythronium grandiflorum,geophyte bulb,71 73 76 77
Erythronium helenae,geophyte bulb,76
Erythronium hendersonii,geophyte bulb,73 76
Erythronium howellii,geophyte bulb,73 76
Erythronium idahoense,geophyte bulb,73
Erythronium japonicum,geophyte bulb,31 36 38
Erythronium klamathense,geophyte bulb,73 76
Erythronium krylovii,geophyte bulb,30
Erythronium mesochoreum,geophyte bulb,74 77 78
Erythronium montanum,geophyte bulb,71 73
Erythronium multiscapideum,geophyte bulb,76
Erythronium oregonum,geophyte bulb,71 73 76
Erythronium pluriflorum,geophyte bulb,76
Erythronium propullans,geophyte bulb,74
Erythronium purpurascens,geophyte bulb,76
Erythronium pusaterii,geophyte bulb,76
Erythronium quinaultense,geophyte bulb,73
Erythronium revolutum,geophyte bulb,71 73 76
Erythronium rostratum,geophyte bulb,74 75 77 78
Erythronium sajanense,geophyte bulb,30
Erythronium shastense,geophyte bulb,76
Erythronium sibiricum,geophyte bulb,30 32 36 37
Erythronium sulevii,geophyte bulb,30
Erythronium taylorii,geophyte bulb,76
Erythronium tuolumnense,geophyte bulb,76
Erythronium umbilicatum,geophyte bulb,75 78
Fritillaria acmopetala,geophyte bulb,34
Fritillaria affinis,geophyte bulb,71 73 76
Fritillaria agrestis,geophyte bulb,76
Fritillaria alburyana,geophyte bulb,34
Fritillaria alfredae,geophyte bulb,34
Fritillaria amabilis,geophyte bulb,38
Fritillaria amana,geophyte bulb,34
Fritillaria anhuiensis,geophyte bulb,36
Fritillaria ariana,geophyte bulb,32 34
Fritillaria assyriaca,geophyte bulb,34
Fritillaria asumaniae,geophyte bulb,34
Fritillaria atrolineata,geophyte bulb,34
Fritillaria atropurpurea,geophyte bulb,73 74 76 77
Fritillaria aurea,geophyte bulb,34
Fritillaria avromanica,geophyte bulb,34
Fritillaria ayakoana,geophyte bulb,38
Fritillaria baskilensis,geophyte bulb,34
Fritillaria biflora,geophyte bulb,76 79
Fritillaria bithynica,geophyte bulb,34
Fritillaria brandegeei,geophyte bulb,76
Fritillaria bucharica,geophyte bulb,32 34
Fritillaria byfieldii,geophyte bulb,34
Fritillaria camschatcensis,geophyte bulb,31 38 70 71 73
Fritillaria carica,geophyte bulb,34
Fritillaria caucasica,geophyte bulb,33 34
Fritillaria chitralensis,geophyte bulb,34 40
Fritillaria chlorantha,geophyte bulb,34
Fritillaria chlororhabdota,geophyte bulb,34
Fritillaria cirrhosa,geophyte bulb,36 40 41
Fritillaria collina,geophyte bulb,33 34
Fritillaria conica,geophyte bulb,13
Fritillaria crassicaulis,geophyte bulb,36
Fritillaria crassifolia,geophyte bulb,34
Fritillaria dagana,geophyte bulb,30 37
Fritillaria dajinensis,geophyte bulb,36
Fritillaria davidii,geophyte bulb,36
Fritillaria davisii,geophyte bulb,13
Fritillaria delavayi,geophyte bulb,36 40
Fritillaria drenovskii,geophyte bulb,13
Fritillaria dzhabavae,geophyte bulb,33
Fritillaria eastwoodiae,geophyte bulb,73 76
Fritillaria eduardii,geophyte bulb,32
Fritillaria ehrhartii,geophyte bulb,13
Fritillaria elwesii,geophyte bulb,34
Fritillaria epirotica,geophyte bulb,13
Fritillaria euboeica,geophyte bulb,13
Fritillaria falcata,geophyte bulb,76
Fritillaria ferganensis,geophyte bulb,32
Fritillaria fleischeriana,geophyte bulb,34
Fritillaria forbesii,geophyte bulb,34
Fritillaria frankiorum,geophyte bulb,34
Fritillaria fusca,geophyte bulb,36
Fritillaria gentneri,geophyte bulb,73
Fritillaria gibbosa,geophyte bulb,32 33 34 40
Fritillaria glauca,geophyte bulb,73 76
Fritillaria graeca,geophyte bulb,13
Fritillaria grandiflora,geophyte bulb,33
Fritillaria gussichiae,geophyte bulb,13
Fritillaria hermonis,geophyte bulb,34
Fritillaria imperialis,geophyte bulb,34 40
Fritillaria involucrata,geophyte bulb,12 13
Fritillaria japonica,geophyte bulb,38
Fritillaria kaiensis,geophyte bulb,38
Fritillaria karelinii,geophyte bulb,32 36
Fritillaria kittaniae,geophyte bulb,34
Fritillaria koidzumiana,geophyte bulb,38
Fritillaria kotschyana,geophyte bulb,34
Fritillaria kurdica,geophyte bulb,33 34
Fritillaria lagodechiana,geophyte bulb,33
Fritillaria latakiensis,geophyte bulb,34
Fritillaria latifolia,geophyte bulb,33 34
Fritillaria legionensis,geophyte bulb,12
Fritillaria liliacea,geophyte bulb,76
Fritillaria lusitanica,geophyte bulb,12
Fritillaria macedonica,geophyte bulb,13
Fritillaria macrocarpa,geophyte bulb,20
Fritillaria maximowiczii,geophyte bulb,30 31 36
Fritillaria meleagris,geophyte bulb,11 12 13 30 32
Fritillaria meleagroides,geophyte bulb,13 14 30 32 33 36
Fritillaria messanensis,geophyte bulb,13
Fritillaria michailovskyi,geophyte bulb,33 34
Fritillaria micrantha,NA,76
Fritillaria milasensis,geophyte bulb,34
Fritillaria minima,geophyte bulb,34
Fritillaria minuta,geophyte bulb,34
Fritillaria monantha,geophyte bulb,36
Fritillaria montana,geophyte bulb,12 13 14
Fritillaria mughlae,geophyte bulb,34
Fritillaria muraiana,geophyte bulb,38
Fritillaria mutabilis,geophyte bulb,13
Fritillaria obliqua,geophyte bulb,13
Fritillaria ojaiensis,geophyte bulb,76
Fritillaria olgae,geophyte bulb,32
Fritillaria olivieri,geophyte bulb,34
Fritillaria oranensis,geophyte bulb,20
Fritillaria orientalis,geophyte bulb,33
Fritillaria pallidiflora,geophyte bulb,32 36
Fritillaria persica,geophyte bulb,34
Fritillaria pinardii,geophyte bulb,33 34
Fritillaria pinetorum,geophyte bulb,76
Fritillaria pluriflora,geophyte bulb,76
Fritillaria pontica,geophyte bulb,13 34
Fritillaria przewalskii,geophyte bulb,36
Fritillaria pudica,geophyte bulb,71 73 76
Fritillaria purdyi,geophyte bulb,73 76
Fritillaria pyrenaica,geophyte bulb,12
Fritillaria raddeana,geophyte bulb,32 34 40
Fritillaria recurva,geophyte bulb,73 76
Fritillaria regelii,geophyte bulb,32
Fritillaria reuteri,geophyte bulb,34
Fritillaria rhodia,geophyte bulb,34
Fritillaria rhodocanakis,geophyte bulb,13
Fritillaria ruthenica,geophyte bulb,14 30 32 33
Fritillaria serpenticola,geophyte bulb,34
Fritillaria sewerzowii,geophyte bulb,32
Fritillaria shikokiana,geophyte bulb,38
Fritillaria sibthorpiana,geophyte bulb,34
Fritillaria sichuanica,geophyte bulb,36
Fritillaria sinica,geophyte bulb,36
Fritillaria skorpili,geophyte bulb,13
Fritillaria sonnikovae,geophyte bulb,30
Fritillaria sororum,geophyte bulb,34
Fritillaria stenanthera,geophyte bulb,32
Fritillaria straussii,geophyte bulb,34
Fritillaria striata,geophyte bulb,76
Fritillaria stribrnyi,geophyte bulb,13
Fritillaria taipaiensis,geophyte bulb,36
Fritillaria thunbergii,geophyte bulb,32
Fritillaria tortifolia,geophyte bulb,36
Fritillaria tubaeformis,geophyte bulb,12 13
Fritillaria unibracteata,geophyte bulb,36
Fritillaria usuriensis,geophyte bulb,31 36 38
Fritillaria uva-vulpis,geophyte bulb,34
Fritillaria verticillata,geophyte bulb,30 32 36 37 38
Fritillaria viridea,geophyte bulb,76
Fritillaria viridiflora,geophyte bulb,34
Fritillaria walujewii,geophyte bulb,32 36
Fritillaria whittallii,geophyte bulb,34
Fritillaria yuminensis,geophyte bulb,36
Fritillaria yuzhongensis,geophyte bulb,36
Gagea afghanica,geophyte bulb,32 34
Gagea aipetriensis,geophyte bulb,14
Gagea alashanica,geophyte bulb,36
Gagea alberti,geophyte bulb,32 36
Gagea alexeenkoana,geophyte bulb,33 34
Gagea alexejana,geophyte bulb,32
Gagea alexii,geophyte bulb,32 34 40
Gagea algeriensis,geophyte bulb,12 20
Gagea alii,geophyte bulb,40
Gagea altaica,geophyte bulb,30 32 36
Gagea amblyopetala,geophyte bulb,13 14 34
Gagea ancestralis,geophyte bulb,30
Gagea angelae,geophyte bulb,36
Gagea angrenica,geophyte bulb,32
Gagea anisopoda,geophyte bulb,32
Gagea antakiensis,geophyte bulb,34
Gagea apulica,geophyte bulb,12 13
Gagea artemczukii,geophyte bulb,14 33
Gagea azutavica,geophyte bulb,30
Gagea baluchistanica,geophyte bulb,40
Gagea baschkyzylsaica,geophyte bulb,32
Gagea bashoensis,geophyte bulb,40
Gagea bergii,geophyte bulb,32 34
Gagea bezengiensis,geophyte bulb,33
Gagea bithynica,geophyte bulb,34
Gagea bohemica,geophyte bulb,10 11 12 13 14 20 33 34
Gagea bornmuelleriana,geophyte bulb,34
Gagea bowes-lyonii,geophyte bulb,40
Gagea brevistolonifera,geophyte bulb,32
Gagea bulbifera,geophyte bulb,13 30 32 33 34 36 40
Gagea caelestis,geophyte bulb,32
Gagea calantha,geophyte bulb,32
Gagea calcicola,geophyte bulb,34
Gagea calyptrifolia,geophyte bulb,32
Gagea capillifolia,geophyte bulb,32 34
Gagea capusii,geophyte bulb,32 34
Gagea caroli-kochii,geophyte bulb,33 34
Gagea chabertii,geophyte bulb,20
Gagea chanae,geophyte bulb,33 34
Gagea charadzeae,geophyte bulb,33
Gagea chinensis,geophyte bulb,36
Gagea chitralensis,geophyte bulb,32 40
Gagea chlorantha,geophyte bulb,32 33 34
Gagea chloroneura,geophyte bulb,34
Gagea chomutovae,geophyte bulb,32 33 34
Gagea chrysantha,geophyte bulb,13
Gagea circumplexa,geophyte bulb,32 34 35
Gagea commutata,geophyte bulb,33 34
Gagea confusa,geophyte bulb,32 33 34
Gagea cuneata,geophyte bulb,33
Gagea czatkalica,geophyte bulb,32
Gagea daghestanica,geophyte bulb,33
Gagea daqingshanensis,geophyte bulb,36
Gagea davlianidzeae,geophyte bulb,32
Gagea dayana,geophyte bulb,20 34 35
Gagea delicatula,geophyte bulb,32
Gagea deserticola,geophyte bulb,32
Gagea divaricata,geophyte bulb,32 36
Gagea drummondii,geophyte bulb,40
Gagea dschungarica,geophyte bulb,32 34 36 40
Gagea dubia,geophyte bulb,12 13 14 20 34
Gagea durieui,geophyte bulb,12 20
Gagea eleonorae,geophyte bulb,33 34
Gagea exilis,geophyte bulb,32 34
Gagea fedtschenkoana,geophyte bulb,30 32 36 37
Gagea ferganica,geophyte bulb,32
Gagea fibrosa,geophyte bulb,20
Gagea filiformis,geophyte bulb,30 32 34 36 37 40
Gagea flavonutans,geophyte bulb,36 40
Gagea foliosa,geophyte bulb,12 13 20
Gagea fragifera,geophyte bulb,11 12 13 14 20 30 32 33 34 36 37 40
Gagea gageoides,geophyte bulb,32 33 34 40
Gagea germainae,geophyte bulb,33
Gagea glacialis,geophyte bulb,33 34
Gagea glaucescens,geophyte bulb,32
Gagea goljakovii,geophyte bulb,30
Gagea gracillima,geophyte bulb,40
Gagea graeca,geophyte bulb,13 34
Gagea graminifolia,geophyte bulb,32 34
Gagea granatellii,geophyte bulb,12 13 20
Gagea granulosa,geophyte bulb,14 30 32 36 37
Gagea gymnopoda,geophyte bulb,32
Gagea gypsacea,geophyte bulb,32
Gagea helenae,geophyte bulb,33 34
Gagea hiensis,geophyte bulb,30 31 36 37 38
Gagea hissarica,geophyte bulb,32 34
Gagea humicola,geophyte bulb,32
Gagea huochengensis,geophyte bulb,36
Gagea ignota,geophyte bulb,32
Gagea incrustata,geophyte bulb,32
Gagea intercedens,geophyte bulb,34
Gagea iranica,geophyte bulb,34
Gagea jaeschkei,geophyte bulb,32 34 36 40
Gagea japonica,geophyte bulb,38
Gagea jensii,geophyte bulb,36
Gagea jispensis,geophyte bulb,40
Gagea joannis,geophyte bulb,33 34
Gagea juliae,geophyte bulb,34
Gagea kamelinii,geophyte bulb,32
Gagea kneissea,geophyte bulb,34
Gagea kopetdagensis,geophyte bulb,32
Gagea kunawurensis,geophyte bulb,32 33 34 36 40
Gagea kuraiensis,geophyte bulb,30
Gagea kuraminica,geophyte bulb,32
Gagea lacaitae,geophyte bulb,12 13 20
Gagea leosii,geophyte bulb,40
Gagea libanotica,geophyte bulb,34
Gagea lojaconoi,geophyte bulb,12 13 34
Gagea longiscapa,geophyte bulb,30 31
Gagea ludmilae,geophyte bulb,32
Gagea lusitanica,geophyte bulb,12 20
Gagea lutea,geophyte bulb,10 11 12 13 14 30 31 32 33 34 38 40
Gagea luteoides,geophyte bulb,33 34
Gagea maeotica,geophyte bulb,14 33
Gagea marchica,geophyte bulb,11
Gagea mauritanica,geophyte bulb,12 13 20
Gagea menitskyi,geophyte bulb,33 34
Gagea mergalahensis,geophyte bulb,40
Gagea michaelis,geophyte bulb,32
Gagea micrantha,geophyte bulb,34
Gagea minima,geophyte bulb,10 11 13 14 33
Gagea minutiflora,geophyte bulb,32
Gagea minutissima,geophyte bulb,32
Gagea moniliformis,geophyte bulb,20
Gagea multipedunculifera,geophyte bulb,32
Gagea nabievii,geophyte bulb,32
Gagea nakaiana,geophyte bulb,30 31 36 38 40
Gagea neopopovii,geophyte bulb,32 36
Gagea nevadensis,geophyte bulb,12 20
Gagea noltiei,geophyte bulb,40
Gagea novoascanica,geophyte bulb,14
Gagea olgae,geophyte bulb,32 34 36 40
Gagea omalensis,geophyte bulb,13
Gagea paedophila,geophyte bulb,32 34
Gagea pakistanica,geophyte bulb,40
Gagea paniculata,geophyte bulb,32
Gagea pauciflora,geophyte bulb,30 31 36 37
Gagea pedata,geophyte bulb,32
Gagea peduncularis,geophyte bulb,13 20 34
Gagea peruzzii,geophyte bulb,13
Gagea podolica,geophyte bulb,14 33
Gagea polymorpha,geophyte bulb,12
Gagea popovii,geophyte bulb,32
Gagea praemixta,geophyte bulb,32
Gagea pratensis,geophyte bulb,10 11 12 13 14 20 34
Gagea pseudominutiflora,geophyte bulb,32
Gagea pseudopeduncularis,geophyte bulb,13
Gagea punjabica,geophyte bulb,40
Gagea pusilla,geophyte bulb,11 13 14 30 32 33
Gagea quasitenuifolia,geophyte bulb,32 33 34
Gagea quettica,geophyte bulb,40
Gagea ramulosa,geophyte bulb,13 14 20 33 34
Gagea rawalpindica,geophyte bulb,40
Gagea reinhardii,geophyte bulb,32
Gagea reticulata,geophyte bulb,13 14 20 32 33 34 35 40
Gagea reverchonii,geophyte bulb,12
Gagea rigida,geophyte bulb,13 20 33 34 35
Gagea robusta,geophyte bulb,34
Gagea rubicunda,geophyte bulb,14
Gagea rubinae,geophyte bulb,40
Gagea rufidula,geophyte bulb,32
Gagea rupicola,geophyte bulb,32
Gagea sarmentosa,geophyte bulb,33 34
Gagea sarysuensis,geophyte bulb,32
Gagea schachimardanica,geophyte bulb,32
Gagea schugnanica,geophyte bulb,32
Gagea scythica,geophyte bulb,14 33
Gagea serotina,geophyte bulb,10 11 12 13 14 20 30 31 32 33 34 36 37 38 40 70 71 73 76 77
Gagea setifolia,geophyte bulb,32 33 34 40
Gagea shmakoviana,geophyte bulb,30
Gagea sicula,geophyte bulb,13
Gagea siphonantha,geophyte bulb,34
Gagea sivasica,geophyte bulb,34
Gagea soleirolii,geophyte bulb,12
Gagea spathacea,geophyte bulb,10 11 12 13 14 33
Gagea spumosa,geophyte bulb,32 40
Gagea staintonii,geophyte bulb,34 40
Gagea stepposa,geophyte bulb,36
Gagea subtilis,geophyte bulb,32
Gagea sulfurea,geophyte bulb,33 34
Gagea tadshikistanica,geophyte bulb,32
Gagea takhtajanii,geophyte bulb,32
Gagea talassica,geophyte bulb,32
Gagea taschkentica,geophyte bulb,32
Gagea taurica,geophyte bulb,14 33
Gagea tenera,geophyte bulb,32 33 34 36 40
Gagea tenuissima,geophyte bulb,33 34
Gagea tesquicola,geophyte bulb,14
Gagea tisoniana,geophyte bulb,13
Gagea toktogulii,geophyte bulb,32
Gagea toppinii,geophyte bulb,40
Gagea transversalis,geophyte bulb,11 14
Gagea triflora,geophyte bulb,31 36 38
Gagea trinervia,geophyte bulb,13 20
Gagea turanica,geophyte bulb,32 33 34
Gagea ucrainica,geophyte bulb,14 36 37
Gagea ugamica,geophyte bulb,32
Gagea ulazsaica,geophyte bulb,32
Gagea uliginosa,geophyte bulb,34
Gagea utriculosa,geophyte bulb,40
Gagea vaginata,geophyte bulb,31 38
Gagea vanensis,geophyte bulb,34
Gagea vegeta,geophyte bulb,32 33 34
Gagea villosa,geophyte bulb,10 11 12 13 14 20 33 34
Gagea villosula,geophyte bulb,32
Gagea vvedenskyi,geophyte bulb,32 34 40
Gagea wallichii,geophyte bulb,40
Gagea wendelboi,geophyte bulb,34
Gagea xiphoidea,geophyte bulb,30
Lilium akkusianum,geophyte bulb,34
Lilium albanicum,geophyte bulb,13
Lilium amabile,geophyte bulb,36 38
Lilium amoenum,geophyte bulb,36
Lilium anhuiense,geophyte bulb,36
Lilium apertum,geophyte bulb,36 41
Lilium arboricola,geophyte bulb,41
Lilium armenum,geophyte bulb,33 34
Lilium auratum,geophyte bulb,38
Lilium bakerianum,geophyte bulb,36 40 41
Lilium basilissum,geophyte bulb,36 41
Lilium bolanderi,geophyte bulb,73 76
Lilium bosniacum,geophyte bulb,13
Lilium brevistylum,geophyte bulb,36
Lilium brownii,geophyte bulb,36 41
Lilium bulbiferum,geophyte bulb,11 12 13
Lilium callosum,geophyte bulb,31 36 38
Lilium canadense,geophyte bulb,72 75 78
Lilium candidum,geophyte bulb,34
Lilium carniolicum,geophyte bulb,11 13
Lilium catesbaei,geophyte bulb,78
Lilium cernuum,geophyte bulb,31 36 38
Lilium chalcedonicum,geophyte bulb,13
Lilium ciliatum,geophyte bulb,34
Lilium columbianum,geophyte bulb,71 73 76
Lilium concolor,geophyte bulb,30 31 36 37 38
Lilium davidii,geophyte bulb,36 40
Lilium debile,geophyte bulb,31
Lilium distichum,geophyte bulb,31 36 38
Lilium duchartrei,geophyte bulb,36 40
Lilium eupetes,geophyte bulb,41
Lilium fargesii,geophyte bulb,36
Lilium floridum,geophyte bulb,36
Lilium formosanum,geophyte bulb,NA
Lilium georgei,geophyte bulb,41
Lilium gongshanense,geophyte bulb,36
Lilium grayi,geophyte bulb,78
Lilium hansonii,geophyte bulb,38
Lilium henrici,geophyte bulb,36
Lilium henryi,geophyte bulb,36
Lilium humboldtii,geophyte bulb,76 79
Lilium iridollae,geophyte bulb,78
Lilium jankae,geophyte bulb,13
Lilium japonicum,geophyte bulb,38
Lilium kelleyanum,geophyte bulb,76
Lilium kelloggii,geophyte bulb,73 76
Lilium kesselringianum,geophyte bulb,33 34
Lilium lancifolium,geophyte bulb,36 38
Lilium lankongense,geophyte bulb,36
Lilium ledebourii,geophyte bulb,33 34
Lilium leichtlinii,geophyte bulb,31 36 38
Lilium leucanthum,geophyte bulb,36
Lilium lijiangense,geophyte bulb,36
Lilium longiflorum,geophyte bulb,38 42
Lilium lophophorum,geophyte bulb,36
Lilium mackliniae,geophyte bulb,40
Lilium maculatum,geophyte bulb,38
Lilium maritimum,geophyte bulb,76
Lilium martagon,geophyte bulb,11 12 13 14 30 32 33 34 36 37
Lilium matangense,geophyte bulb,36
Lilium medeoloides,geophyte bulb,31 36 38
Lilium medogense,geophyte bulb,36
Lilium meleagrinum,geophyte bulb,36
Lilium michauxii,geophyte bulb,75 77 78
Lilium michiganense,geophyte bulb,72 74 75 78
Lilium monadelphum,geophyte bulb,14 33
Lilium nanum,geophyte bulb,36 40 41
Lilium nepalense,geophyte bulb,36 40 41
Lilium nobilissimum,geophyte bulb,38
Lilium occidentale,geophyte bulb,73 76
Lilium oxypetalum,geophyte bulb,40
Lilium papilliferum,geophyte bulb,36
Lilium paradoxum,geophyte bulb,36
Lilium pardalinum,geophyte bulb,73 76 79
Lilium pardanthinum,geophyte bulb,36
Lilium parryi,geophyte bulb,76 79
Lilium parvum,geophyte bulb,76
Lilium pensylvanicum,geophyte bulb,30 31 36 37 38
Lilium philadelphicum,geophyte bulb,71 72 73 74 75 77 78
Lilium philippinense,geophyte bulb,38 42
Lilium pinifolium,geophyte bulb,36
Lilium poilanei,geophyte bulb,41
Lilium polyphyllum,geophyte bulb,34 40
Lilium pomponium,geophyte bulb,12 13
Lilium ponticum,geophyte bulb,33 34
Lilium primulinum,geophyte bulb,36 40 41
Lilium procumbens,geophyte bulb,41
Lilium puerense,geophyte bulb,36
Lilium pumilum,geophyte bulb,30 31 36 37 38
Lilium pyi,geophyte bulb,36
Lilium pyrenaicum,geophyte bulb,12
Lilium pyrophilum,geophyte bulb,78
Lilium regale,geophyte bulb,36
Lilium rhodopeum,geophyte bulb,13
Lilium rockii,geophyte bulb,36
Lilium rosthornii,geophyte bulb,36
Lilium rubellum,geophyte bulb,38
Lilium rubescens,geophyte bulb,76
Lilium saluenense,geophyte bulb,36 41
Lilium sargentiae,geophyte bulb,36
Lilium sempervivoideum,geophyte bulb,36
Lilium sherriffiae,geophyte bulb,40
Lilium souliei,geophyte bulb,36 40
Lilium speciosum,geophyte bulb,36 38
Lilium stewartianum,geophyte bulb,36
Lilium sulphureum,geophyte bulb,36 40 41
Lilium superbum,geophyte bulb,74 75 78
Lilium synapticum,geophyte bulb,40 41
Lilium szovitsianum,geophyte bulb,33 34
Lilium taliense,geophyte bulb,36
Lilium tianschanicum,geophyte bulb,36
Lilium tsingtauense,geophyte bulb,36 38
Lilium ukeyuri,geophyte bulb,38
Lilium wallichianum,geophyte bulb,40 41
Lilium wardii,geophyte bulb,36
Lilium washingtonianum,geophyte bulb,73 76
Lilium yapingense,geophyte bulb,36
Medeola virginiana,geophyte rhizome,72 74 75 78
Notholirion bulbuliferum,geophyte bulb,36 40 41
Notholirion koeiei,geophyte bulb,34
Notholirion macrophyllum,geophyte bulb,36 40
Notholirion thomsonianum,geophyte bulb,34 40
Prosartes hookeri,geophyte rhizome,71 73 75 76
Prosartes lanuginosa,geophyte rhizome,72 75 78
Prosartes maculata,geophyte rhizome,75 78
Prosartes parvifolia,geophyte rhizome,73 76
Prosartes smithii,geophyte rhizome,71 73 76
Prosartes trachycarpa,geophyte rhizome,71 72 73 74 75 76 77
Scoliopus bigelovii,geophyte rhizome,76
Scoliopus hallii,geophyte rhizome,73
Streptopus amplexifolius,geophyte rhizome,11 12 13 14 30 31 38 41 70 71 72 73 74 75 76 77 78
Streptopus chatterjeeanus,geophyte rhizome,40
Streptopus koreanus,geophyte rhizome,36 38
Streptopus lanceolatus,geophyte rhizome,70 71 72 73 74 75 78
Streptopus obtusatus,geophyte rhizome,36
Streptopus ovalis,geophyte rhizome,36 38
Streptopus parasimplex,geophyte rhizome hemicr,40
Streptopus parviflorus,geophyte rhizome,36
Streptopus simplex,hemicr,36 40 41
Streptopus streptopoides,geophyte rhizome,30 31 38 70 71 73
Tricyrtis affinis,hemicr,38
Tricyrtis chinensis,hemicr,36
Tricyrtis dilatata,hemicr,38
Tricyrtis flava,hemicr,38
Tricyrtis formosana,hemicr,38
Tricyrtis hirta,hemicr,38
Tricyrtis imeldae,hemicr,42
Tricyrtis ishiiana,hemicr lithophyt,38
Tricyrtis lasiocarpa,hemicr,38
Tricyrtis latifolia,hemicr,38
Tricyrtis macrantha,hemicr,38
Tricyrtis macranthopsis,hemicr,38
Tricyrtis macropoda,hemicr,38
Tricyrtis macropoda,hemicr,38
Tricyrtis macropoda,hemicr,38
Tricyrtis maculata,hemicr,36 40 41
Tricyrtis nana,hemicr,38
Tricyrtis ohsumiensis,hemicr,38
Tricyrtis perfoliata,lithophyt,38
Tricyrtis puberula,hemicr,36
Tricyrtis setouchiensis,hemicr,38
Tricyrtis suzukii,hemicr lithophyt,38
Tulipa agenensis,geophyte bulb,34
Tulipa albanica,geophyte bulb,13
Tulipa alberti,geophyte bulb,32
Tulipa aleppensis,geophyte bulb,34
Tulipa altaica,geophyte bulb,30 32 36
Tulipa anisophylla,geophyte bulb,32
Tulipa armena,geophyte bulb,33 34
Tulipa auliekolica,geophyte bulb,32
Tulipa banuensis,geophyte bulb,34
Tulipa biflora,geophyte bulb,13 14 20 30 32 33 34 35 36 40
Tulipa bifloriformis,geophyte bulb,32
Tulipa boettgeri,geophyte bulb,32
Tulipa borszczowii,geophyte bulb,32
Tulipa botschantzevae,geophyte bulb,32 34
Tulipa butkovii,geophyte bulb,32
Tulipa carinata,geophyte bulb,32 34
Tulipa cinnabarina,geophyte bulb,34
Tulipa clusiana,geophyte bulb,34 40
Tulipa cretica,geophyte bulb,13
Tulipa cypria,geophyte bulb,34
Tulipa dasystemon,geophyte bulb,32 36
Tulipa dubia,geophyte bulb,32
Tulipa faribae,geophyte bulb,34
Tulipa ferganica,geophyte bulb,32
Tulipa foliosa,geophyte bulb,34
Tulipa fosteriana,geophyte bulb,32 34
Tulipa gesneriana,geophyte bulb,34
Tulipa greigii,geophyte bulb,32 34
Tulipa harazensis,geophyte bulb,34
Tulipa heteropetala,geophyte bulb,30 32 36
Tulipa heterophylla,geophyte bulb,32 36
Tulipa heweri,geophyte bulb,34
Tulipa hissarica,geophyte bulb,32
Tulipa hoogiana,geophyte bulb,32 34
Tulipa humilis,geophyte bulb,33 34
Tulipa hungarica,geophyte bulb,13
Tulipa iliensis,geophyte bulb,32 36
Tulipa ingens,geophyte bulb,32
Tulipa intermedia,geophyte bulb,32
Tulipa ivasczenkoae,geophyte bulb,32
Tulipa jacquesii,geophyte bulb,32
Tulipa julia,geophyte bulb,33 34
Tulipa kaufmanniana,geophyte bulb,32
Tulipa kolbintsevii,geophyte bulb,32
Tulipa kolpakowskiana,geophyte bulb,32 34 36
Tulipa korolkowii,geophyte bulb,32
Tulipa kosovarica,geophyte bulb,13
Tulipa koyuncui,geophyte bulb,34
Tulipa kuschkensis,geophyte bulb,32 34
Tulipa lanata,geophyte bulb,32 34 40
Tulipa lehmanniana,geophyte bulb,32 34
Tulipa lemmersii,geophyte bulb,32
Tulipa linifolia,geophyte bulb,32 34
Tulipa montana,geophyte bulb,32 34
Tulipa orithyioides,geophyte bulb,32
Tulipa orphanidea,geophyte bulb,13 34
Tulipa ostrowskiana,geophyte bulb,32
Tulipa persica,geophyte bulb,34
Tulipa platystemon,geophyte bulb,32
Tulipa praestans,geophyte bulb,32
Tulipa regelii,geophyte bulb,32
Tulipa saxatilis,geophyte bulb,34
Tulipa scardica,geophyte bulb,13
Tulipa scharipovii,geophyte bulb,32
Tulipa schmidtii,geophyte bulb,33 34
Tulipa serbica,geophyte bulb,13
Tulipa sinkiangensis,geophyte bulb,36
Tulipa sosnowskyi,geophyte bulb,33
Tulipa sprengeri,geophyte bulb,34
Tulipa suaveolens,geophyte bulb,14 32 33 34
Tulipa subquinquefolia,geophyte bulb,32
Tulipa sylvestris,geophyte bulb,12 13 14 20 30 32 33 36
Tulipa systola,geophyte bulb,34
Tulipa talassica,geophyte bulb,32
Tulipa tetraphylla,geophyte bulb,32 36
Tulipa turgaica,geophyte bulb,32
Tulipa turkestanica,geophyte bulb,32 36
Tulipa ulophylla,geophyte bulb,34
Tulipa undulatifolia,geophyte bulb,13 32 33 34
Tulipa uniflora,geophyte bulb,30 32 36 37
Tulipa urumiensis,geophyte bulb,32 34
Tulipa uzbekistanica,geophyte bulb,32
Tulipa vvedenskyi,geophyte bulb,32
Campynema lineare,hemicr,50
Campynemanthe neocaledonica,hemicr cham,60
Campynemanthe parva,hemicr,60
Campynemanthe viridiflora,hemicr cham,60
Ripogonum album,cl.,43 50
Ripogonum brevifolium,nanophan,50
Ripogonum discolor,nanophan,50
Ripogonum elseyanum,cl.,50
Ripogonum fawcettianum,cl.,50
Ripogonum scandens,cl.,51
Arachnitis uniflora,hemicr holomycotroph,83 85 90
Corsia acuminata,geophyte rhizome holomycotroph,43
Corsia arfakensis,geophyte rhizome holomycotroph,43
Corsia boridiensis,geophyte rhizome holomycotroph,43
Corsia brassii,geophyte rhizome holomycotroph,43
Corsia clypeata,geophyte rhizome holomycotroph,43
Corsia cordata,geophyte rhizome holomycotroph,43
Corsia cornuta,geophyte rhizome holomycotroph,43
Corsia crenata,geophyte rhizome holomycotroph,43
Corsia cyclopensis,geophyte rhizome holomycotroph,43
Corsia dispar,geophyte rhizome holomycotroph,50
Corsia haianjensis,geophyte rhizome holomycotroph,43
Corsia huonensis,geophyte rhizome holomycotroph,43
Corsia lamellata,geophyte rhizome holomycotroph,43
Corsia merimantaensis,geophyte rhizome holomycotroph,43
Corsia ornata,geophyte rhizome holomycotroph,43 50
Corsia papuana,geophyte rhizome holomycotroph,43
Corsia purpurata,geophyte rhizome holomycotroph,43
Corsia pyramidata,geophyte rhizome holomycotroph,43
Corsia resiensis,geophyte rhizome holomycotroph,43
Corsia torricellensis,geophyte rhizome holomycotroph,43
Corsia triceratops,geophyte rhizome holomycotroph,43
Corsia unguiculata,geophyte rhizome holomycotroph,43
Corsia viridopurpurea,geophyte rhizome holomycotroph,43
Corsia wiakabui,geophyte rhizome holomycotroph,43
Corsia wubungu,geophyte rhizome holomycotroph,43
Corsiopsis chinensis,holomycotroph,36
Lapageria rosea,cl. cham,85
Philesia magellanica,cham nanophan,85
