"species","leaf_under","bulb","stem_under","corm","rhizome","root_tuber","disc_tub","cont_tub"
"Androcymbium_albanense",0,0,1,0,1,0,0,0
"Androcymbium_albomarginatum",0,0,1,0,1,0,0,0
"Androcymbium_amphigaripense",0,0,1,0,1,0,0,0
"Androcymbium_austrocapense",0,0,1,0,1,0,0,0
"Androcymbium_bellum",0,0,1,0,1,0,0,0
"Androcymbium_buchubergense",0,0,1,0,1,0,0,0
"Androcymbium_burchellii",0,0,1,0,1,0,0,0
"Androcymbium_burkei",0,0,1,0,1,0,0,0
"Androcymbium_capense",0,0,1,0,1,0,0,0
"Androcymbium_cedarbergense",0,0,1,0,1,0,0,0
"Androcymbium_ciliolatum",0,0,1,0,1,0,0,0
"Androcymbium_circinatum",0,0,1,0,1,0,0,0
"Androcymbium_crenulatum",0,0,1,0,1,0,0,0
"Androcymbium_crispum",0,0,1,0,1,0,0,0
"Androcymbium_cruciatum",0,0,1,0,1,0,0,0
"Androcymbium_cuspidatum",0,0,1,0,1,0,0,0
"Androcymbium_decipiens",0,0,1,0,1,0,0,0
"Androcymbium_dregei",0,0,1,0,1,0,0,0
"Androcymbium_eghimocymbion",0,0,1,0,1,0,0,0
"Androcymbium_etesionamibense",0,0,1,0,1,0,0,0
"Androcymbium_eucomoides",0,0,1,0,1,0,0,0
"Androcymbium_europaeum",0,0,1,0,1,0,0,0
"Androcymbium_exiguum",0,0,1,0,1,0,0,0
"Androcymbium_gramineum",0,0,1,0,1,0,0,0
"Androcymbium_greuterocymbium",0,0,1,0,1,0,0,0
"Androcymbium_hantamense",0,0,1,0,1,0,0,0
"Androcymbium_henssenianum",0,0,1,0,1,0,0,0
"Androcymbium_hierrense",0,0,1,0,1,0,0,0
"Androcymbium_hughocymbion",0,0,1,0,1,0,0,0
"Androcymbium_huntleyi",0,0,1,0,1,0,0,0
"Androcymbium_irroratum",0,0,1,0,1,0,0,0
"Androcymbium_karooparkense",0,0,1,0,1,0,0,0
"Androcymbium_knersvlaktense",0,0,1,0,1,0,0,0
"Androcymbium_kunkelianum",0,0,1,0,1,0,0,0
"Androcymbium_leistneri",0,0,1,0,1,0,0,0
"Androcymbium_longipes",0,0,1,0,1,0,0,0
"Androcymbium_melanthioides",0,0,1,0,1,0,0,0
"Androcymbium_natalense",0,0,1,0,1,0,0,0
"Androcymbium_orienticapense",0,0,1,0,1,0,0,0
"Androcymbium_palaestinum",0,0,1,0,1,0,0,0
"Androcymbium_poeltianum",0,0,1,0,1,0,0,0
"Androcymbium_praeirroratum",0,0,1,0,1,0,0,0
"Androcymbium_psammophilum",0,0,1,0,1,0,0,0
"Androcymbium_rechingeri",0,0,1,0,1,0,0,0
"Androcymbium_roseum",0,0,1,0,1,0,0,0
"Androcymbium_scabromarginatum",0,0,1,0,1,0,0,0
"Androcymbium_schimperianum",0,0,1,0,1,0,0,0
"Androcymbium_stirtonii",0,0,1,0,1,0,0,0
"Androcymbium_striatum",0,0,1,0,1,0,0,0
"Androcymbium_swazicum",0,0,1,0,1,0,0,0
"Androcymbium_undulatum",0,0,1,0,1,0,0,0
"Androcymbium_vanjaarsveldii",0,0,1,0,1,0,0,0
"Androcymbium_villosum",0,0,1,0,1,0,0,0
"Androcymbium_volutare",0,0,1,0,1,0,0,0
"Androcymbium_walteri",0,0,1,0,1,0,0,0
"Androcymbium_worsonense",0,0,1,0,1,0,0,0
"Baeometra_uniflora",0,0,1,0,1,0,0,0
"Burchardia_bairdiae",0,0,0,0,1,1,0,1
"Burchardia_congesta",0,0,0,0,1,1,0,1
"Burchardia_monantha",0,0,0,0,1,1,0,1
"Burchardia_multiflora",0,0,0,0,1,1,0,1
"Burchardia_rosea",0,0,0,0,1,1,0,1
"Burchardia_umbellata",0,0,0,0,1,1,0,1
"Camptorrhiza_indica",0,0,1,0,1,0,0,0
"Camptorrhiza_strumosa",0,0,1,0,1,0,0,0
"Colchicum_alpinum",0,0,1,0,1,0,0,0
"Colchicum_androcymbioides",0,0,1,0,1,0,0,0
"Colchicum_antepense",0,0,1,0,1,0,0,0
"Colchicum_antilibanoticum",0,0,1,0,1,0,0,0
"Colchicum_arenarium",0,0,1,0,1,0,0,0
"Colchicum_arenasii",0,0,1,0,1,0,0,0
"Colchicum_asteranthum",0,0,1,0,1,0,0,0
"Colchicum_atticum",0,0,1,0,1,0,0,0
"Colchicum_autumnale",0,0,1,0,1,0,0,0
"Colchicum_balansae",0,0,1,0,1,0,0,0
"Colchicum_baytopiorum",0,0,1,0,1,0,0,0
"Colchicum_bivonae",0,0,1,0,1,0,0,0
"Colchicum_boissieri",0,0,1,0,1,0,0,0
"Colchicum_bulbocodium",0,0,1,0,1,0,0,0
"Colchicum_burttii",0,0,1,0,1,0,0,0
"Colchicum_chalcedonicum",0,0,1,0,1,0,0,0
"Colchicum_chimonanthum",0,0,1,0,1,0,0,0
"Colchicum_chlorobasis",0,0,1,0,1,0,0,0
"Colchicum_cilicicum",0,0,1,0,1,0,0,0
"Colchicum_confusum",0,0,1,0,1,0,0,0
"Colchicum_corsicum",0,0,1,0,1,0,0,0
"Colchicum_cretense",0,0,1,0,1,0,0,0
"Colchicum_crocifolium",0,0,1,0,1,0,0,0
"Colchicum_cupanii",0,0,1,0,1,0,0,0
"Colchicum_davisii",0,0,1,0,1,0,0,0
"Colchicum_decaisnei",0,0,1,0,1,0,0,0
"Colchicum_doerfleri",0,0,1,0,1,0,0,0
"Colchicum_dolichantherum",0,0,1,0,1,0,0,0
"Colchicum_eichleri",0,0,1,0,1,0,0,0
"Colchicum_euboeum",0,0,1,0,1,0,0,0
"Colchicum_fasciculare",0,0,1,0,1,0,0,0
"Colchicum_feinbruniae",0,0,1,0,1,0,0,0
"Colchicum_figlalii",0,0,1,0,1,0,0,0
"Colchicum_filifolium",0,0,1,0,1,0,0,0
"Colchicum_freynii",0,0,1,0,1,0,0,0
"Colchicum_gonarei",0,0,1,0,1,0,0,0
"Colchicum_gracile",0,0,1,0,1,0,0,0
"Colchicum_graecum",0,0,1,0,1,0,0,0
"Colchicum_greuteri",0,0,1,0,1,0,0,0
"Colchicum_haynaldii",0,0,1,0,1,0,0,0
"Colchicum_heldreichii",0,0,1,0,1,0,0,0
"Colchicum_hierosolymitanum",0,0,1,0,1,0,0,0
"Colchicum_hirsutum",0,0,1,0,1,0,0,0
"Colchicum_hungaricum",0,0,1,0,1,0,0,0
"Colchicum_ignescens",0,0,1,0,1,0,0,0
"Colchicum_imperatoris-friderici",0,0,1,0,1,0,0,0
"Colchicum_inundatum",0,0,1,0,1,0,0,0
"Colchicum_kesselringii",0,0,1,0,1,0,0,0
"Colchicum_kotschyi",0,0,1,0,1,0,0,0
"Colchicum_kurdicum",0,0,1,0,1,0,0,0
"Colchicum_laetum",0,0,1,0,1,0,0,0
"Colchicum_lagotum",0,0,1,0,1,0,0,0
"Colchicum_leptanthum",0,0,1,0,1,0,0,0
"Colchicum_lingulatum",0,0,1,0,1,0,0,0
"Colchicum_longifolium",0,0,1,0,1,0,0,0
"Colchicum_lusitanum",0,0,1,0,1,0,0,0
"Colchicum_luteum",0,0,1,0,1,0,0,0
"Colchicum_macedonicum",0,0,1,0,1,0,0,0
"Colchicum_macrophyllum",0,0,1,0,1,0,0,0
"Colchicum_manissadjianii",0,0,1,0,1,0,0,0
"Colchicum_maraschicum",0,0,1,0,1,0,0,0
"Colchicum_micaceum",0,0,1,0,1,0,0,0
"Colchicum_micranthum",0,0,1,0,1,0,0,0
"Colchicum_minutum",0,0,1,0,1,0,0,0
"Colchicum_mirzoevae",0,0,1,0,1,0,0,0
"Colchicum_montanum",0,0,1,0,1,0,0,0
"Colchicum_multiflorum",0,0,1,0,1,0,0,0
"Colchicum_munzurense",0,0,1,0,1,0,0,0
"Colchicum_nanum",0,0,1,0,1,0,0,0
"Colchicum_neapolitanum",0,0,1,0,1,0,0,0
"Colchicum_parlatoris",0,0,1,0,1,0,0,0
"Colchicum_parnassicum",0,0,1,0,1,0,0,0
"Colchicum_paschei",0,0,1,0,1,0,0,0
"Colchicum_peloponnesiacum",0,0,1,0,1,0,0,0
"Colchicum_persicum",0,0,1,0,1,0,0,0
"Colchicum_polyphyllum",0,0,1,0,1,0,0,0
"Colchicum_pulchellum",0,0,1,0,1,0,0,0
"Colchicum_pusillum",0,0,1,0,1,0,0,0
"Colchicum_raddeanum",0,0,1,0,1,0,0,0
"Colchicum_rausii",0,0,1,0,1,0,0,0
"Colchicum_ritchii",0,0,1,0,1,0,0,0
"Colchicum_robustum",0,0,1,0,1,0,0,0
"Colchicum_sanguicolle",0,0,1,0,1,0,0,0
"Colchicum_schimperi",0,0,1,0,1,0,0,0
"Colchicum_serpentinum",0,0,1,0,1,0,0,0
"Colchicum_sfikasianum",0,0,1,0,1,0,0,0
"Colchicum_sieheanum",0,0,1,0,1,0,0,0
"Colchicum_soboliferum",0,0,1,0,1,0,0,0
"Colchicum_speciosum",0,0,1,0,1,0,0,0
"Colchicum_stevenii",0,0,1,0,1,0,0,0
"Colchicum_szovitsii",0,0,1,0,1,0,0,0
"Colchicum_trigynum",0,0,1,0,1,0,0,0
"Colchicum_triphyllum",0,0,1,0,1,0,0,0
"Colchicum_troodi",0,0,1,0,1,0,0,0
"Colchicum_tunicatum",0,0,1,0,1,0,0,0
"Colchicum_turcicum",0,0,1,0,1,0,0,0
"Colchicum_tuviae",0,0,1,0,1,0,0,0
"Colchicum_umbrosum",0,0,1,0,1,0,0,0
"Colchicum_varians",0,0,1,0,1,0,0,0
"Colchicum_variegatum",0,0,1,0,1,0,0,0
"Colchicum_verlaqueae",0,0,1,0,1,0,0,0
"Colchicum_wendelboi",0,0,1,0,1,0,0,0
"Colchicum_woronowii",0,0,1,0,1,0,0,0
"Colchicum_zahnii",0,0,1,0,1,0,0,0
"Disporum_acuminatissimum",0,0,1,0,1,0,0,0
"Disporum_acuminatum",0,0,1,0,1,0,0,0
"Disporum_bodinieri",0,0,1,0,1,0,0,0
"Disporum_calcaratum",0,0,1,0,1,0,0,0
"Disporum_cantoniense",0,0,1,0,1,0,0,0
"Disporum_hainanense",0,0,1,0,1,0,0,0
"Disporum_kawakamii",0,0,1,0,1,0,0,0
"Disporum_leucanthum",0,0,1,0,1,0,0,0
"Disporum_longistylum",0,0,1,0,1,0,0,0
"Disporum_lutescens",0,0,1,0,1,0,0,0
"Disporum_megalanthum",0,0,1,0,1,0,0,0
"Disporum_nantouense",0,0,1,0,1,0,0,0
"Disporum_sessile",0,0,1,0,1,0,0,0
"Disporum_shimadae",0,0,1,0,1,0,0,0
"Disporum_smilacinum",0,0,1,0,1,0,0,0
"Disporum_tonkinense",0,0,1,0,1,0,0,0
"Disporum_trabeculatum",0,0,1,0,1,0,0,0
"Disporum_uniflorum",0,0,1,0,1,0,0,0
"Disporum_viridescens",0,0,1,0,1,0,0,0
"Gloriosa_baudii",0,0,1,0,1,0,0,0
"Gloriosa_carsonii",0,0,1,0,1,0,0,0
"Gloriosa_flavovirens",0,0,1,0,1,0,0,0
"Gloriosa_lindenii",0,0,1,0,1,0,0,0
"Gloriosa_littonioides",0,0,1,0,1,0,0,0
"Gloriosa_modesta",0,0,1,0,1,0,0,0
"Gloriosa_revoilii",0,0,1,0,1,0,0,0
"Gloriosa_rigidifolia",0,0,1,0,1,0,0,0
"Gloriosa_sessiliflora",0,0,1,0,1,0,0,0
"Gloriosa_simplex",0,0,1,0,1,0,0,0
"Gloriosa_superba",0,0,1,0,1,0,0,0
"Hexacyrtis_dickiana",0,0,1,0,1,0,0,0
"Iphigenia_boinensis",0,0,1,0,1,0,0,0
"Iphigenia_indica",0,0,1,0,1,0,0,0
"Iphigenia_magnifica",0,0,1,0,1,0,0,0
"Iphigenia_mysorensis",0,0,1,0,1,0,0,0
"Iphigenia_oliveri",0,0,1,0,1,0,0,0
"Iphigenia_pallida",0,0,1,0,1,0,0,0
"Iphigenia_pauciflora",0,0,1,0,1,0,0,0
"Iphigenia_robusta",0,0,1,0,1,0,0,0
"Iphigenia_sahyadrica",0,0,1,0,1,0,0,0
"Iphigenia_socotrana",0,0,1,0,1,0,0,0
"Iphigenia_stellata",0,0,1,0,1,0,0,0
"Kuntheria_pedunculata",0,0,1,0,1,0,0,0
"Ornithoglossum_calcicola",0,0,1,0,1,0,0,0
"Ornithoglossum_dinteri",0,0,1,0,1,0,0,0
"Ornithoglossum_gracile",0,0,1,0,1,0,0,0
"Ornithoglossum_parviflorum",0,0,1,0,1,0,0,0
"Ornithoglossum_pulchrum",0,0,1,0,1,0,0,0
"Ornithoglossum_undulatum",0,0,1,0,1,0,0,0
"Ornithoglossum_viride",0,0,1,0,1,0,0,0
"Ornithoglossum_vulgare",0,0,1,0,1,0,0,0
"Ornithoglossum_zeyheri",0,0,1,0,1,0,0,0
"Sandersonia_aurantiaca",1,1,0,0,1,0,0,0
"Schelhammera_multiflora",0,0,1,0,1,0,0,0
"Schelhammera_undulata",0,0,1,0,1,0,0,0
"Tripladenia_cunninghamii",0,0,1,0,1,0,0,0
"Uvularia_floridana",0,0,1,0,1,0,0,0
"Uvularia_grandiflora",0,0,1,0,1,0,0,0
"Uvularia_perfoliata",0,0,1,0,1,0,0,0
"Uvularia_puberula",0,0,1,0,1,0,0,0
"Uvularia_sessilifolia",0,0,1,0,1,0,0,0
"Wurmbea_angustifolia",0,0,1,0,1,0,0,0
"Wurmbea_australis",0,0,1,0,1,0,0,0
"Wurmbea_biglandulosa",0,0,1,0,1,0,0,0
"Wurmbea_burttii",0,0,1,0,1,0,0,0
"Wurmbea_calcicola",0,0,1,0,1,0,0,0
"Wurmbea_capensis",0,0,1,0,1,0,0,0
"Wurmbea_centralis",0,0,1,0,1,0,0,0
"Wurmbea_cernua",0,0,1,0,1,0,0,0
"Wurmbea_citrina",0,0,1,0,1,0,0,0
"Wurmbea_compacta",0,0,1,0,1,0,0,0
"Wurmbea_decumbens",0,0,1,0,1,0,0,0
"Wurmbea_densiflora",0,0,1,0,1,0,0,0
"Wurmbea_deserticola",0,0,1,0,1,0,0,0
"Wurmbea_dilatata",0,0,1,0,1,0,0,0
"Wurmbea_dioica",0,0,1,0,1,0,0,0
"Wurmbea_dolichantha",0,0,1,0,1,0,0,0
"Wurmbea_drummondii",0,0,1,0,1,0,0,0
"Wurmbea_elatior",0,0,1,0,1,0,0,0
"Wurmbea_elongata",0,0,1,0,1,0,0,0
"Wurmbea_fluviatilis",0,0,1,0,1,0,0,0
"Wurmbea_glassii",0,0,1,0,1,0,0,0
"Wurmbea_graniticola",0,0,1,0,1,0,0,0
"Wurmbea_hiemalis",0,0,1,0,1,0,0,0
"Wurmbea_inflata",0,0,1,0,1,0,0,0
"Wurmbea_inframediana",0,0,1,0,1,0,0,0
"Wurmbea_inusta",0,0,1,0,1,0,0,0
"Wurmbea_kraussii",0,0,1,0,1,0,0,0
"Wurmbea_latifolia",0,0,1,0,1,0,0,0
"Wurmbea_marginata",0,0,1,0,1,0,0,0
"Wurmbea_minima",0,0,1,0,1,0,0,0
"Wurmbea_monantha",0,0,1,0,1,0,0,0
"Wurmbea_monopetala",0,0,1,0,1,0,0,0
"Wurmbea_murchisoniana",0,0,1,0,1,0,0,0
"Wurmbea_nilpinna",0,0,1,0,1,0,0,0
"Wurmbea_novae-zelandiae",0,0,1,0,1,0,0,0
"Wurmbea_odorata",0,0,1,0,1,0,0,0
"Wurmbea_punctata",0,0,1,0,1,0,0,0
"Wurmbea_pusilla",0,0,1,0,1,0,0,0
"Wurmbea_pygmaea",0,0,1,0,1,0,0,0
"Wurmbea_recurva",0,0,1,0,1,0,0,0
"Wurmbea_robusta",0,0,1,0,1,0,0,0
"Wurmbea_saccata",0,0,1,0,1,0,0,0
"Wurmbea_sinora",0,0,1,0,1,0,0,0
"Wurmbea_spicata",0,0,1,0,1,0,0,0
"Wurmbea_stellata",0,0,1,0,1,0,0,0
"Wurmbea_stricta",0,0,1,0,1,0,0,0
"Wurmbea_tenella",0,0,1,0,1,0,0,0
"Wurmbea_tenuis",0,0,1,0,1,0,0,0
"Wurmbea_tubulosa",0,0,1,0,1,0,0,0
"Wurmbea_uniflora",0,0,1,0,1,0,0,0
"Wurmbea_variabilis",0,0,1,0,1,0,0,0
"Petermannia_cirrosa",0,0,1,0,1,0,0,0
"Alstroemeria_achirae",0,0,1,0,1,1,0,1
"Alstroemeria_albescens",0,0,1,0,1,1,0,1
"Alstroemeria_altoparadisea",0,0,1,0,1,1,0,1
"Alstroemeria_amabilis",0,0,1,0,1,1,0,1
"Alstroemeria_amazonica",0,0,1,0,1,1,0,1
"Alstroemeria_andina",0,0,1,0,1,1,0,1
"Alstroemeria_angustifolia",0,0,1,0,1,1,0,1
"Alstroemeria_annapolina",0,0,1,0,1,1,0,1
"Alstroemeria_apertiflora",0,0,1,0,1,1,0,1
"Alstroemeria_aquidauanica",0,0,1,0,1,1,0,1
"Alstroemeria_arnicana",0,0,1,0,1,1,0,1
"Alstroemeria_aulica",0,0,1,0,1,1,0,1
"Alstroemeria_aurea",0,0,1,0,1,1,0,1
"Alstroemeria_bahiensis",0,0,1,0,1,1,0,1
"Alstroemeria_bakeri",0,0,1,0,1,1,0,1
"Alstroemeria_bilabiata",0,0,1,0,1,1,0,1
"Alstroemeria_brasiliensis",0,0,1,0,1,1,0,1
"Alstroemeria_burchellii",0,0,1,0,1,1,0,1
"Alstroemeria_cabralensis",0,0,1,0,1,1,0,1
"Alstroemeria_caiaponica",0,0,1,0,1,1,0,1
"Alstroemeria_calliantha",0,0,1,0,1,1,0,1
"Alstroemeria_cantillanica",0,0,1,0,1,1,0,1
"Alstroemeria_capixaba",0,0,1,0,1,1,0,1
"Alstroemeria_caryophyllaea",0,0,1,0,1,1,0,1
"Alstroemeria_chapadensis",0,0,1,0,1,1,0,1
"Alstroemeria_chorillensis",0,0,1,0,1,1,0,1
"Alstroemeria_crispata",0,0,1,0,1,1,0,1
"Alstroemeria_cuiabana",0,0,1,0,1,1,0,1
"Alstroemeria_cultrifolia",0,0,1,0,1,1,0,1
"Alstroemeria_cunha",0,0,1,0,1,1,0,1
"Alstroemeria_decora",0,0,1,0,1,1,0,1
"Alstroemeria_diluta",0,0,1,0,1,1,0,1
"Alstroemeria_discolor",0,0,1,0,1,1,0,1
"Alstroemeria_douradensis",0,0,1,0,1,1,0,1
"Alstroemeria_espigonensis",0,0,1,0,1,1,0,1
"Alstroemeria_exserens",0,0,1,0,1,1,0,1
"Alstroemeria_fiebrigiana",0,0,1,0,1,1,0,1
"Alstroemeria_foliosa",0,0,1,0,1,1,0,1
"Alstroemeria_fuscovinosa",0,0,1,0,1,1,0,1
"Alstroemeria_garaventae",0,0,1,0,1,1,0,1
"Alstroemeria_gardneri",0,0,1,0,1,1,0,1
"Alstroemeria_glaucandra",0,0,1,0,1,1,0,1
"Alstroemeria_gouveiana",0,0,1,0,1,1,0,1
"Alstroemeria_graminea",0,0,0,0,1,0,0,0
"Alstroemeria_hookeri",0,0,1,0,1,1,0,1
"Alstroemeria_huemulina",0,0,1,0,1,1,0,1
"Alstroemeria_ibitipocae",0,0,1,0,1,1,0,1
"Alstroemeria_igarapavica",0,0,1,0,1,1,0,1
"Alstroemeria_inodora",0,0,1,0,1,1,0,1
"Alstroemeria_isabelleana",0,0,1,0,1,1,0,1
"Alstroemeria_itabiritensis",0,0,1,0,1,1,0,1
"Alstroemeria_itatiaica",0,0,1,0,1,1,0,1
"Alstroemeria_jocunda",0,0,1,0,1,1,0,1
"Alstroemeria_julieae",0,0,1,0,1,1,0,1
"Alstroemeria_kingii",0,0,1,0,1,1,0,1
"Alstroemeria_lactilutea",0,0,1,0,1,1,0,1
"Alstroemeria_landimana",0,0,1,0,1,1,0,1
"Alstroemeria_leporina",0,0,1,0,1,1,0,1
"Alstroemeria_ligtu",0,0,1,0,1,1,0,1
"Alstroemeria_litterata",0,0,1,0,1,1,0,1
"Alstroemeria_longaviensis",0,0,1,0,1,1,0,1
"Alstroemeria_longistaminea",0,0,1,0,1,1,0,1
"Alstroemeria_longistyla",0,0,1,0,1,1,0,1
"Alstroemeria_lutea",0,0,1,0,1,1,0,1
"Alstroemeria_magna",0,0,1,0,1,1,0,1
"Alstroemeria_magnifica",0,0,1,0,1,1,0,1
"Alstroemeria_malmeana",0,0,1,0,1,1,0,1
"Alstroemeria_marticorenae",0,0,1,0,1,1,0,1
"Alstroemeria_modesta",0,0,1,0,1,1,0,1
"Alstroemeria_mollensis",0,0,1,0,1,1,0,1
"Alstroemeria_monantha",0,0,1,0,1,1,0,1
"Alstroemeria_monticola",0,0,1,0,1,1,0,1
"Alstroemeria_nidularis",0,0,1,0,1,1,0,1
"Alstroemeria_nivea",0,0,1,0,1,1,0,1
"Alstroemeria_ochracea",0,0,1,0,1,1,0,1
"Alstroemeria_orchidioides",0,0,1,0,1,1,0,1
"Alstroemeria_oreas",0,0,1,0,1,1,0,1
"Alstroemeria_pallida",0,0,1,0,1,1,0,1
"Alstroemeria_paraensis",0,0,1,0,1,1,0,1
"Alstroemeria_patagonica",0,0,1,0,1,1,0,1
"Alstroemeria_paupercula",0,0,1,0,1,1,0,1
"Alstroemeria_pelegrina",0,0,1,0,1,1,0,1
"Alstroemeria_penduliflora",0,0,1,0,1,1,0,1
"Alstroemeria_philippii",0,0,1,0,1,1,0,1
"Alstroemeria_piauhyensis",0,0,1,0,1,1,0,1
"Alstroemeria_plantaginea",0,0,1,0,1,1,0,1
"Alstroemeria_poetica",0,0,1,0,1,1,0,1
"Alstroemeria_polpaicana",0,0,1,0,1,1,0,1
"Alstroemeria_polyphylla",0,0,1,0,1,1,0,1
"Alstroemeria_presliana",0,0,1,0,1,1,0,1
"Alstroemeria_pseudospathulata",0,0,1,0,1,1,0,1
"Alstroemeria_psittacina",0,0,1,0,1,1,0,1
"Alstroemeria_pubiflora",0,0,1,0,1,1,0,1
"Alstroemeria_pudica",0,0,1,0,1,1,0,1
"Alstroemeria_pulchra",0,0,1,0,1,1,0,1
"Alstroemeria_punctata",0,0,1,0,1,1,0,1
"Alstroemeria_pygmaea",0,0,1,0,1,1,0,1
"Alstroemeria_radula",0,0,1,0,1,1,0,1
"Alstroemeria_recumbens",0,0,1,0,1,1,0,1
"Alstroemeria_revoluta",0,0,1,0,1,1,0,1
"Alstroemeria_ribeirensis",0,0,1,0,1,1,0,1
"Alstroemeria_roseoviridis",0,0,1,0,1,1,0,1
"Alstroemeria_rupestris",0,0,1,0,1,1,0,1
"Alstroemeria_sabulosa",0,0,1,0,1,1,0,1
"Alstroemeria_schizanthoides",0,0,1,0,1,1,0,1
"Alstroemeria_sellowiana",0,0,1,0,1,1,0,1
"Alstroemeria_spathulata",0,0,1,0,1,1,0,1
"Alstroemeria_speciosa",0,0,1,0,1,1,0,1
"Alstroemeria_spectabilis",0,0,1,0,1,1,0,1
"Alstroemeria_stenopetala",0,0,1,0,1,1,0,1
"Alstroemeria_stenophylla",0,0,1,0,1,1,0,1
"Alstroemeria_stramonia",0,0,1,0,1,1,0,1
"Alstroemeria_talcaensis",0,0,1,0,1,1,0,1
"Alstroemeria_timida",0,0,1,0,1,1,0,1
"Alstroemeria_tombolatoana",0,0,1,0,1,1,0,1
"Alstroemeria_umbellata",0,0,1,0,1,1,0,1
"Alstroemeria_variegata",0,0,1,0,1,1,0,1
"Alstroemeria_venusta",0,0,1,0,1,1,0,1
"Alstroemeria_versicolor",0,0,1,0,1,1,0,1
"Alstroemeria_virginalis",0,0,1,0,1,1,0,1
"Alstroemeria_viridiflora",0,0,1,0,1,1,0,1
"Alstroemeria_werdermannii",0,0,1,0,1,1,0,1
"Alstroemeria_xavantinensis",0,0,1,0,1,1,0,1
"Alstroemeria_yaelae",0,0,1,0,1,1,0,1
"Alstroemeria_zoellneri",0,0,1,0,1,1,0,1
"Bomarea_acutifolia",0,0,1,0,1,0,1,0
"Bomarea_albimontana",0,0,1,0,1,0,1,0
"Bomarea_alstroemerioides",0,0,1,0,1,0,1,0
"Bomarea_amazonica",0,0,1,0,1,0,1,0
"Bomarea_amilcariana",0,0,1,0,1,0,1,0
"Bomarea_ampayesana",0,0,1,0,1,0,1,0
"Bomarea_anceps",0,0,1,0,1,0,1,0
"Bomarea_andimarcana",0,0,1,0,1,0,1,0
"Bomarea_andreana",0,0,1,0,1,0,1,0
"Bomarea_angulata",0,0,1,0,1,0,1,0
"Bomarea_angustissima",0,0,1,0,1,0,1,0
"Bomarea_aurantiaca",0,0,1,0,1,0,1,0
"Bomarea_boliviensis",0,0,1,0,1,0,1,0
"Bomarea_brachysepala",0,0,1,0,1,0,1,0
"Bomarea_bracteata",0,0,1,0,1,0,1,0
"Bomarea_bracteolata",0,0,1,0,1,0,1,0
"Bomarea_bredemeyeriana",0,0,1,0,1,0,1,0
"Bomarea_brevis",0,0,1,0,1,0,1,0
"Bomarea_callejasiana",0,0,1,0,1,0,1,0
"Bomarea_campanularia",0,0,1,0,1,0,1,0
"Bomarea_campylophylla",0,0,1,0,1,0,1,0
"Bomarea_carderi",0,0,1,0,1,0,1,0
"Bomarea_caucana",0,0,1,0,1,0,1,0
"Bomarea_caudata",0,0,1,0,1,0,1,0
"Bomarea_caudatisepala",0,0,1,0,1,0,1,0
"Bomarea_ceratophora",0,0,1,0,1,0,1,0
"Bomarea_chaparensis",0,0,1,0,1,0,1,0
"Bomarea_chimboracensis",0,0,1,0,1,0,1,0
"Bomarea_chiriquina",0,0,1,0,1,0,1,0
"Bomarea_coccinea",0,0,1,0,1,0,1,0
"Bomarea_colombiana",0,0,1,0,1,0,1,0
"Bomarea_cordifolia",0,0,1,0,1,0,1,0
"Bomarea_cornigera",0,0,1,0,1,0,1,0
"Bomarea_cornuta",0,0,1,0,1,0,1,0
"Bomarea_costaricensis",0,0,1,0,1,0,1,0
"Bomarea_crassifolia",0,0,1,0,1,0,1,0
"Bomarea_crinita",0,0,1,0,1,0,1,0
"Bomarea_crocea",0,0,1,0,1,0,1,0
"Bomarea_densiflora",0,0,1,0,1,0,1,0
"Bomarea_denticulata",0,0,1,0,1,0,1,0
"Bomarea_diffracta",0,0,1,0,1,0,1,0
"Bomarea_dispar",0,0,1,0,1,0,1,0
"Bomarea_dissitifolia",0,0,1,0,1,0,1,0
"Bomarea_distichifolia",0,0,1,0,1,0,1,0
"Bomarea_dolichocarpa",0,0,1,0,1,0,1,0
"Bomarea_dulcis",0,0,1,0,1,0,1,0
"Bomarea_edulis",0,0,1,0,1,0,1,0
"Bomarea_endotrachys",0,0,1,0,1,0,1,0
"Bomarea_engleriana",0,0,1,0,1,0,1,0
"Bomarea_euryantha",0,0,1,0,1,0,1,0
"Bomarea_euryphylla",0,0,1,0,1,0,1,0
"Bomarea_evecta",0,0,1,0,1,0,1,0
"Bomarea_ferreyrae",0,0,1,0,1,0,1,0
"Bomarea_foertheriana",0,0,1,0,1,0,1,0
"Bomarea_formosissima",0,0,1,0,1,0,1,0
"Bomarea_glaucescens",0,0,1,0,1,0,1,0
"Bomarea_goniocaulon",0,0,1,0,1,0,1,0
"Bomarea_graminifolia",0,0,1,0,1,0,1,0
"Bomarea_hartwegii",0,0,1,0,1,0,1,0
"Bomarea_herbertiana",0,0,1,0,1,0,1,0
"Bomarea_herrerae",0,0,1,0,1,0,1,0
"Bomarea_hieronymi",0,0,1,0,1,0,1,0
"Bomarea_hirsuta",0,0,1,0,1,0,1,0
"Bomarea_huanuco",0,0,1,0,1,0,1,0
"Bomarea_inaequalis",0,0,1,0,1,0,1,0
"Bomarea_involucrosa",0,0,1,0,1,0,1,0
"Bomarea_kraenzlinii",0,0,1,0,1,0,1,0
"Bomarea_lancifolia",0,0,1,0,1,0,1,0
"Bomarea_latifolia",0,0,1,0,1,0,1,0
"Bomarea_libertadensis",0,0,1,0,1,0,1,0
"Bomarea_linifolia",0,0,1,0,1,0,1,0
"Bomarea_longipes",0,0,1,0,1,0,1,0
"Bomarea_longistyla",0,0,1,0,1,0,1,0
"Bomarea_lopezii",0,0,1,0,1,0,1,0
"Bomarea_lutea",0,0,1,0,1,0,1,0
"Bomarea_macrocephala",0,0,1,0,1,0,1,0
"Bomarea_macusanii",0,0,1,0,1,0,1,0
"Bomarea_moritziana",0,0,1,0,1,0,1,0
"Bomarea_multiflora",0,0,1,0,1,0,1,0
"Bomarea_multipes",0,0,1,0,1,0,1,0
"Bomarea_nematocaulon",0,0,1,0,1,0,1,0
"Bomarea_nervosa",0,0,1,0,1,0,1,0
"Bomarea_nubigena",0,0,1,0,1,0,1,0
"Bomarea_obovata",0,0,1,0,1,0,1,0
"Bomarea_ovallei",0,0,1,0,1,0,1,0
"Bomarea_ovata",0,0,1,0,1,0,1,0
"Bomarea_oxytepala",0,0,1,0,1,0,1,0
"Bomarea_pardina",0,0,1,0,1,0,1,0
"Bomarea_parvifolia",0,0,1,0,1,0,1,0
"Bomarea_patacocensis",0,0,1,0,1,0,1,0
"Bomarea_patinii",0,0,1,0,1,0,1,0
"Bomarea_pauciflora",0,0,1,0,1,0,1,0
"Bomarea_perglabra",0,0,1,0,1,0,1,0
"Bomarea_peruviana",0,0,1,0,1,0,1,0
"Bomarea_porrecta",0,0,1,0,1,0,1,0
"Bomarea_pseudopurpurea",0,0,1,0,1,0,1,0
"Bomarea_pudibunda",0,0,1,0,1,0,1,0
"Bomarea_pumila",0,0,1,0,1,0,1,0
"Bomarea_puracensis",0,0,1,0,1,0,1,0
"Bomarea_purpurea",0,0,1,0,1,0,1,0
"Bomarea_rinconii",0,0,1,0,1,0,1,0
"Bomarea_rosea",0,0,1,0,1,0,1,0
"Bomarea_salicifolia",0,0,1,0,1,0,1,0
"Bomarea_salsilla",0,0,1,0,1,0,1,0
"Bomarea_secundifolia",0,0,1,0,1,0,1,0
"Bomarea_setacea",0,0,1,0,1,0,1,0
"Bomarea_shuttleworthii",0,0,1,0,1,0,1,0
"Bomarea_speciosa",0,0,1,0,1,0,1,0
"Bomarea_spissiflora",0,0,1,0,1,0,1,0
"Bomarea_stans",0,0,1,0,1,0,1,0
"Bomarea_suberecta",0,0,1,0,1,0,1,0
"Bomarea_superba",0,0,1,0,1,0,1,0
"Bomarea_tarmensis",0,0,1,0,1,0,1,0
"Bomarea_torta",0,0,1,0,1,0,1,0
"Bomarea_tribrachiata",0,0,1,0,1,0,1,0
"Bomarea_trichophylla",0,0,1,0,1,0,1,0
"Bomarea_trimorphophylla",0,0,1,0,1,0,1,0
"Bomarea_truxillensis",0,0,1,0,1,0,1,0
"Bomarea_uncifolia",0,0,1,0,1,0,1,0
"Bomarea_vargasii",0,0,1,0,1,0,1,0
"Bomarea_velascoana",0,0,1,0,1,0,1,0
"Bomarea_vitellina",0,0,1,0,1,0,1,0
"Bomarea_weigendii",0,0,1,0,1,0,1,0
"Drymophila_cyanocarpa",0,0,1,0,1,0,0,0
"Drymophila_moorei",0,0,1,0,1,0,0,0
"Luzuriaga_marginata",0,0,1,0,1,0,0,0
"Luzuriaga_parviflora",0,0,1,0,1,0,0,0
"Luzuriaga_polyphylla",0,0,1,0,1,0,0,0
"Luzuriaga_radicans",0,0,1,0,1,0,0,0
"Amianthium_muscitoxicum",1,1,0,0,1,0,0,0
"Anticlea_elegans",1,1,0,0,1,0,0,0
"Anticlea_frigida",1,1,0,0,1,0,0,0
"Anticlea_hintoniorum",1,1,0,0,1,0,0,0
"Anticlea_mogollonensis",1,1,0,0,1,0,0,0
"Anticlea_neglecta",1,1,0,0,1,0,0,0
"Anticlea_occidentalis",1,1,0,0,1,0,0,0
"Anticlea_sachalinensis",1,1,0,0,1,0,0,0
"Anticlea_sibirica",1,1,0,0,1,0,0,0
"Anticlea_virescens",1,1,0,0,1,0,0,0
"Anticlea_volcanica",1,1,0,0,1,0,0,0
"Chamaelirium_luteum",0,0,1,0,1,0,0,0
"Chionographis_actinomorpha",0,0,1,0,1,0,0,0
"Chionographis_chinensis",0,0,1,0,1,0,0,0
"Chionographis_cordifolia",0,0,1,0,1,0,0,0
"Chionographis_hisauchiana",0,0,1,0,1,0,0,0
"Chionographis_japonica",0,0,1,0,1,0,0,0
"Chionographis_koidzumiana",0,0,1,0,1,0,0,0
"Chionographis_nanlingensis",0,0,1,0,1,0,0,0
"Chionographis_shiwandashanensis",0,0,1,0,1,0,0,0
"Helonias_bullata",0,0,1,0,1,0,0,0
"Heloniopsis_breviscapa",0,0,1,0,1,0,0,0
"Heloniopsis_kawanoi",0,0,1,0,1,0,0,0
"Heloniopsis_koreana",0,0,1,0,1,0,0,0
"Heloniopsis_leucantha",0,0,1,0,1,0,0,0
"Heloniopsis_orientalis",0,0,1,0,1,0,0,0
"Heloniopsis_tubiflora",0,0,1,0,1,0,0,0
"Heloniopsis_umbellata",0,0,1,0,1,0,0,0
"Paris_axialis",0,0,1,0,1,0,0,0
"Paris_bashanensis",0,0,1,0,1,0,0,0
"Paris_caobangensis",0,0,1,0,1,0,0,0
"Paris_cronquistii",0,0,1,0,1,0,0,0
"Paris_daliensis",0,0,1,0,1,0,0,0
"Paris_delavayi",0,0,1,0,1,0,0,0
"Paris_dulongensis",0,0,1,0,1,0,0,0
"Paris_dunniana",0,0,1,0,1,0,0,0
"Paris_fargesii",0,0,1,0,1,0,0,0
"Paris_forrestii",0,0,1,0,1,0,0,0
"Paris_guizhouensis",0,0,1,0,1,0,0,0
"Paris_incompleta",0,0,1,0,1,0,0,0
"Paris_japonica",0,0,1,0,1,0,0,0
"Paris_luquanensis",0,0,1,0,1,0,0,0
"Paris_mairei",0,0,1,0,1,0,0,0
"Paris_marmorata",0,0,1,0,1,0,0,0
"Paris_polyandra",0,0,1,0,1,0,0,0
"Paris_polyphylla",0,0,1,0,1,0,0,0
"Paris_quadrifolia",0,0,1,0,1,0,0,0
"Paris_rugosa",0,0,1,0,1,0,0,0
"Paris_stigmatosa",0,0,1,0,1,0,0,0
"Paris_tetraphylla",0,0,1,0,1,0,0,0
"Paris_thibetica",0,0,1,0,1,0,0,0
"Paris_undulata",0,0,1,0,1,0,0,0
"Paris_vaniotii",0,0,1,0,1,0,0,0
"Paris_verticillata",0,0,1,0,1,0,0,0
"Paris_vietnamensis",0,0,1,0,1,0,0,0
"Pseudotrillium_rivale",0,0,1,0,1,0,0,0
"Schoenocaulon_calcicola",1,1,0,0,1,0,0,0
"Schoenocaulon_caricifolium",1,1,0,0,1,0,0,0
"Schoenocaulon_comatum",1,1,0,0,1,0,0,0
"Schoenocaulon_conzattii",1,1,0,0,1,0,0,0
"Schoenocaulon_dubium",1,1,0,0,1,0,0,0
"Schoenocaulon_frameae",1,1,0,0,1,0,0,0
"Schoenocaulon_ghiesbreghtii",1,1,0,0,1,0,0,0
"Schoenocaulon_ignigenum",1,1,0,0,1,0,0,0
"Schoenocaulon_intermedium",1,1,0,0,1,0,0,0
"Schoenocaulon_jaliscense",1,1,0,0,1,0,0,0
"Schoenocaulon_macrocarpum",1,1,0,0,1,0,0,0
"Schoenocaulon_madidorum",1,1,0,0,1,0,0,0
"Schoenocaulon_megarrhizum",1,1,0,0,1,0,0,0
"Schoenocaulon_mortonii",1,1,0,0,1,0,0,0
"Schoenocaulon_oaxacense",1,1,0,0,1,0,0,0
"Schoenocaulon_obtusum",1,1,0,0,1,0,0,0
"Schoenocaulon_officinale",1,1,0,0,1,0,0,0
"Schoenocaulon_pellucidum",1,1,0,0,1,0,0,0
"Schoenocaulon_plumosum",1,1,0,0,1,0,0,0
"Schoenocaulon_pringlei",1,1,0,0,1,0,0,0
"Schoenocaulon_rzedowskii",1,1,0,0,1,0,0,0
"Schoenocaulon_tenorioi",1,1,0,0,1,0,0,0
"Schoenocaulon_tenue",1,1,0,0,1,0,0,0
"Schoenocaulon_tenuifolium",1,1,0,0,1,0,0,0
"Schoenocaulon_texanum",1,1,0,0,1,0,0,0
"Schoenocaulon_tigrense",1,1,0,0,1,0,0,0
"Stenanthium_densum",1,1,0,0,1,0,0,0
"Stenanthium_diffusum",1,1,0,0,1,0,0,0
"Stenanthium_gramineum",1,1,0,0,1,0,0,0
"Toxicoscordion_brevibracteatum",1,1,0,0,1,0,0,0
"Toxicoscordion_exaltatum",1,1,0,0,1,0,0,0
"Toxicoscordion_fontanum",1,1,0,0,1,0,0,0
"Toxicoscordion_fremontii",1,1,0,0,1,0,0,0
"Toxicoscordion_micranthum",1,1,0,0,1,0,0,0
"Toxicoscordion_nuttallii",1,1,0,0,1,0,0,0
"Toxicoscordion_paniculatum",1,1,0,0,1,0,0,0
"Toxicoscordion_venenosum",1,1,0,0,1,0,0,0
"Trillium_albidum",0,0,1,0,1,0,0,0
"Trillium_angustipetalum",0,0,1,0,1,0,0,0
"Trillium_apetalon",0,0,1,0,1,0,0,0
"Trillium_camschatcense",0,0,1,0,1,0,0,0
"Trillium_catesbaei",0,0,1,0,1,0,0,0
"Trillium_cernuum",0,0,1,0,1,0,0,0
"Trillium_channellii",0,0,1,0,1,0,0,0
"Trillium_chloropetalum",0,0,1,0,1,0,0,0
"Trillium_cuneatum",0,0,1,0,1,0,0,0
"Trillium_decipiens",0,0,1,0,1,0,0,0
"Trillium_decumbens",0,0,1,0,1,0,0,0
"Trillium_discolor",0,0,1,0,1,0,0,0
"Trillium_erectum",0,0,1,0,1,0,0,0
"Trillium_flexipes",0,0,1,0,1,0,0,0
"Trillium_foetidissimum",0,0,1,0,1,0,0,0
"Trillium_govanianum",0,0,1,0,1,0,0,0
"Trillium_gracile",0,0,1,0,1,0,0,0
"Trillium_grandiflorum",0,0,1,0,1,0,0,0
"Trillium_kurabayashii",0,0,1,0,1,0,0,0
"Trillium_lancifolium",0,0,1,0,1,0,0,0
"Trillium_ludovicianum",0,0,1,0,1,0,0,0
"Trillium_luteum",0,0,1,0,1,0,0,0
"Trillium_maculatum",0,0,1,0,1,0,0,0
"Trillium_nivale",0,0,1,0,1,0,0,0
"Trillium_oostingii",0,0,1,0,1,0,0,0
"Trillium_ovatum",0,0,1,0,1,0,0,0
"Trillium_ovatum",0,0,1,0,1,0,0,0
"Trillium_persistens",0,0,1,0,1,0,0,0
"Trillium_petiolatum",0,0,1,0,1,0,0,0
"Trillium_pusillum",0,0,1,0,1,0,0,0
"Trillium_recurvatum",0,0,1,0,1,0,0,0
"Trillium_reliquum",0,0,1,0,1,0,0,0
"Trillium_rugelii",0,0,1,0,1,0,0,0
"Trillium_sessile",0,0,1,0,1,0,0,0
"Trillium_simile",0,0,1,0,1,0,0,0
"Trillium_smallii",0,0,1,0,1,0,0,0
"Trillium_stamineum",0,0,1,0,1,0,0,0
"Trillium_sulcatum",0,0,1,0,1,0,0,0
"Trillium_taiwanense",0,0,1,0,1,0,0,0
"Trillium_tschonoskii",0,0,1,0,1,0,0,0
"Trillium_underwoodii",0,0,1,0,1,0,0,0
"Trillium_undulatum",0,0,1,0,1,0,0,0
"Trillium_vaseyi",0,0,1,0,1,0,0,0
"Trillium_viride",0,0,1,0,1,0,0,0
"Trillium_viridescens",0,0,1,0,1,0,0,0
"Veratrum_albiflorum",0,0,1,0,1,0,0,0
"Veratrum_album",0,0,1,0,1,0,0,0
"Veratrum_californicum",0,0,1,0,1,0,0,0
"Veratrum_dahuricum",0,0,1,0,1,0,0,0
"Veratrum_dolichopetalum",0,0,1,0,1,0,0,0
"Veratrum_fimbriatum",0,0,1,0,1,0,0,0
"Veratrum_formosanum",0,0,1,0,1,0,0,0
"Veratrum_grandiflorum",0,0,1,0,1,0,0,0
"Veratrum_hybridum",0,0,1,0,1,0,0,0
"Veratrum_insolitum",0,0,1,0,1,0,0,0
"Veratrum_lobelianum",0,0,1,0,1,0,0,0
"Veratrum_longebracteatum",0,0,1,0,1,0,0,0
"Veratrum_maackii",0,0,1,0,1,0,0,0
"Veratrum_mengtzeanum",0,0,1,0,1,0,0,0
"Veratrum_micranthum",0,0,1,0,1,0,0,0
"Veratrum_nigrum",0,0,1,0,1,0,0,0
"Veratrum_oblongum",0,0,1,0,1,0,0,0
"Veratrum_oxysepalum",0,0,1,0,1,0,0,0
"Veratrum_parviflorum",0,0,1,0,1,0,0,0
"Veratrum_schindleri",0,0,1,0,1,0,0,0
"Veratrum_shanense",0,0,1,0,1,0,0,0
"Veratrum_stamineum",0,0,1,0,1,0,0,0
"Veratrum_taliense",0,0,1,0,1,0,0,0
"Veratrum_versicolor",0,0,1,0,1,0,0,0
"Veratrum_virginicum",0,0,1,0,1,0,0,0
"Veratrum_viride",0,0,1,0,1,0,0,0
"Veratrum_woodii",0,0,1,0,1,0,0,0
"Xerophyllum_asphodeloides",1,1,0,0,1,0,0,0
"Xerophyllum_tenax",1,1,0,0,1,0,0,0
"Ypsilandra_alpina",0,0,1,0,1,0,0,0
"Ypsilandra_cavaleriei",0,0,1,0,1,0,0,0
"Ypsilandra_jinpingensis",0,0,1,0,1,0,0,0
"Ypsilandra_kansuensis",0,0,1,0,1,0,0,0
"Ypsilandra_thibetica",0,0,1,0,1,0,0,0
"Ypsilandra_yunnanensis",0,0,1,0,1,0,0,0
"Zigadenus_glaberrimus",0,0,1,0,1,0,0,0
"Smilax_aberrans",0,0,1,0,1,0,0,0
"Smilax_aculeatissima",0,0,1,0,1,0,0,0
"Smilax_amamiana",0,0,1,0,1,0,0,0
"Smilax_amblyobasis",0,0,1,0,1,0,0,0
"Smilax_ampla",0,0,1,0,1,0,0,0
"Smilax_anceps",0,0,1,0,1,0,0,0
"Smilax_anguina",0,0,1,0,1,0,0,0
"Smilax_annulata",0,0,1,0,1,0,0,0
"Smilax_aquifolium",0,0,1,0,1,0,0,0
"Smilax_arisanensis",0,0,1,0,1,0,0,0
"Smilax_aristolochiifolia",0,0,1,0,1,0,0,0
"Smilax_aspera",0,0,1,0,1,0,0,0
"Smilax_aspericaulis",0,0,1,0,1,0,0,0
"Smilax_assumptionis",0,0,1,0,1,0,0,0
"Smilax_astrosperma",0,0,1,0,1,0,0,0
"Smilax_auriculata",0,0,1,0,1,0,0,0
"Smilax_australis",0,0,1,0,1,0,0,0
"Smilax_austrozhejiangensis",0,0,1,0,1,0,0,0
"Smilax_azorica",0,0,1,0,1,0,0,0
"Smilax_bapouensis",0,0,1,0,1,0,0,0
"Smilax_basilata",0,0,1,0,1,0,0,0
"Smilax_bauhinioides",0,0,1,0,1,0,0,0
"Smilax_bella",0,0,1,0,1,0,0,0
"Smilax_biflora",0,0,1,0,1,0,0,0
"Smilax_biltmoreana",0,0,1,0,1,0,0,0
"Smilax_binchuanensis",0,0,1,0,1,0,0,0
"Smilax_biumbellata",0,0,1,0,1,0,0,0
"Smilax_blumei",0,0,1,0,1,0,0,0
"Smilax_bockii",0,0,1,0,1,0,0,0
"Smilax_bona-nox",0,0,1,0,1,0,0,0
"Smilax_borneensis",0,0,1,0,1,0,0,0
"Smilax_bracteata",0,0,1,0,1,0,0,0
"Smilax_brasiliensis",0,0,1,0,1,0,0,0
"Smilax_californica",0,0,1,0,1,0,0,0
"Smilax_calophylla",0,0,1,0,1,0,0,0
"Smilax_cambodiana",0,0,1,0,1,0,0,0
"Smilax_campestris",0,0,1,0,1,0,0,0
"Smilax_canariensis",0,0,1,0,1,0,0,0
"Smilax_canellifolia",0,0,1,0,1,0,0,0
"Smilax_celebica",0,0,1,0,1,0,0,0
"Smilax_chapaensis",0,0,1,0,1,0,0,0
"Smilax_china",0,0,1,0,1,0,0,0
"Smilax_chinensis",0,0,1,0,1,0,0,0
"Smilax_chingii",0,0,1,0,1,0,0,0
"Smilax_cinnamomea",0,0,1,0,1,0,0,0
"Smilax_cissoides",0,0,1,0,1,0,0,0
"Smilax_cocculoides",0,0,1,0,1,0,0,0
"Smilax_cognata",0,0,1,0,1,0,0,0
"Smilax_compta",0,0,1,0,1,0,0,0
"Smilax_corbularia",0,0,1,0,1,0,0,0
"Smilax_cordato-ovata",0,0,1,0,1,0,0,0
"Smilax_cordifolia",0,0,1,0,1,0,0,0
"Smilax_coriacea",0,0,1,0,1,0,0,0
"Smilax_cristalensis",0,0,1,0,1,0,0,0
"Smilax_cuprea",0,0,1,0,1,0,0,0
"Smilax_cuspidata",0,0,1,0,1,0,0,0
"Smilax_darrisii",0,0,1,0,1,0,0,0
"Smilax_davidiana",0,0,1,0,1,0,0,0
"Smilax_densibarbata",0,0,1,0,1,0,0,0
"Smilax_discotis",0,0,1,0,1,0,0,0
"Smilax_domingensis",0,0,1,0,1,0,0,0
"Smilax_ecirrhata",0,0,1,0,1,0,0,0
"Smilax_elastica",0,0,1,0,1,0,0,0
"Smilax_elegans",0,0,1,0,1,0,0,0
"Smilax_elegantissima",0,0,1,0,1,0,0,0
"Smilax_elmeri",0,0,1,0,1,0,0,0
"Smilax_elongatoumbellata",0,0,1,0,1,0,0,0
"Smilax_emeiensis",0,0,1,0,1,0,0,0
"Smilax_erecta",0,0,1,0,1,0,0,0
"Smilax_excelsa",0,0,1,0,1,0,0,0
"Smilax_extensa",0,0,1,0,1,0,0,0
"Smilax_ferox",0,0,1,0,1,0,0,0
"Smilax_flavicaulis",0,0,1,0,1,0,0,0
"Smilax_fluminensis",0,0,1,0,1,0,0,0
"Smilax_fooningensis",0,0,1,0,1,0,0,0
"Smilax_fortunensis",0,0,1,0,1,0,0,0
"Smilax_fui",0,0,1,0,1,0,0,0
"Smilax_gagnepainii",0,0,1,0,1,0,0,0
"Smilax_gaudichaudiana",0,0,1,0,1,0,0,0
"Smilax_gigantea",0,0,1,0,1,0,0,0
"Smilax_gigantocarpa",0,0,1,0,1,0,0,0
"Smilax_glabra",0,0,1,0,1,0,0,0
"Smilax_glauca",0,0,1,0,1,0,0,0
"Smilax_glaucochina",0,0,1,0,1,0,0,0
"Smilax_glyciphylla",0,0,1,0,1,0,0,0
"Smilax_goyazana",0,0,1,0,1,0,0,0
"Smilax_gracilior",0,0,1,0,1,0,0,0
"Smilax_griffithii",0,0,1,0,1,0,0,0
"Smilax_guianensis",0,0,1,0,1,0,0,0
"Smilax_guiyangensis",0,0,1,0,1,0,0,0
"Smilax_havanensis",0,0,1,0,1,0,0,0
"Smilax_hayatae",0,0,1,0,1,0,0,0
"Smilax_hemsleyana",0,0,1,0,1,0,0,0
"Smilax_herbacea",0,0,1,0,1,0,0,0
"Smilax_hilariana",0,0,1,0,1,0,0,0
"Smilax_hirtellicaulis",0,0,1,0,1,0,0,0
"Smilax_horridiramula",0,0,1,0,1,0,0,0
"Smilax_hugeri",0,0,1,0,1,0,0,0
"Smilax_hypoglauca",0,0,1,0,1,0,0,0
"Smilax_ilicifolia",0,0,1,0,1,0,0,0
"Smilax_illinoensis",0,0,1,0,1,0,0,0
"Smilax_indosinica",0,0,1,0,1,0,0,0
"Smilax_inversa",0,0,1,0,1,0,0,0
"Smilax_irrorata",0,0,1,0,1,0,0,0
"Smilax_jamesii",0,0,1,0,1,0,0,0
"Smilax_japicanga",0,0,1,0,1,0,0,0
"Smilax_javensis",0,0,1,0,1,0,0,0
"Smilax_kaniensis",0,0,1,0,1,0,0,0
"Smilax_keyensis",0,0,1,0,1,0,0,0
"Smilax_kingii",0,0,1,0,1,0,0,0
"Smilax_klotzschii",0,0,1,0,1,0,0,0
"Smilax_korthalsii",0,0,1,0,1,0,0,0
"Smilax_kwangsiensis",0,0,1,0,1,0,0,0
"Smilax_lanceifolia",0,0,1,0,1,0,0,0
"Smilax_lappacea",0,0,1,0,1,0,0,0
"Smilax_larvata",0,0,1,0,1,0,0,0
"Smilax_lasioneura",0,0,1,0,1,0,0,0
"Smilax_laurifolia",0,0,1,0,1,0,0,0
"Smilax_lebrunii",0,0,1,0,1,0,0,0
"Smilax_leucophylla",0,0,1,0,1,0,0,0
"Smilax_ligneoriparia",0,0,1,0,1,0,0,0
"Smilax_ligustrifolia",0,0,1,0,1,0,0,0
"Smilax_loheri",0,0,1,0,1,0,0,0
"Smilax_longiflora",0,0,1,0,1,0,0,0
"Smilax_longifolia",0,0,1,0,1,0,0,0
"Smilax_lucida",0,0,1,0,1,0,0,0
"Smilax_luei",0,0,1,0,1,0,0,0
"Smilax_lunglingensis",0,0,1,0,1,0,0,0
"Smilax_lushuiensis",0,0,1,0,1,0,0,0
"Smilax_lutescens",0,0,1,0,1,0,0,0
"Smilax_luzonensis",0,0,1,0,1,0,0,0
"Smilax_macrocarpa",0,0,1,0,1,0,0,0
"Smilax_magnifolia",0,0,1,0,1,0,0,0
"Smilax_mairei",0,0,1,0,1,0,0,0
"Smilax_malipoensis",0,0,1,0,1,0,0,0
"Smilax_maritima",0,0,1,0,1,0,0,0
"Smilax_maypurensis",0,0,1,0,1,0,0,0
"Smilax_megacarpa",0,0,1,0,1,0,0,0
"Smilax_megalantha",0,0,1,0,1,0,0,0
"Smilax_melanocarpa",0,0,1,0,1,0,0,0
"Smilax_melastomifolia",0,0,1,0,1,0,0,0
"Smilax_menispermoidea",0,0,1,0,1,0,0,0
"Smilax_micrandra",0,0,1,0,1,0,0,0
"Smilax_micrantha",0,0,1,0,1,0,0,0
"Smilax_microchina",0,0,1,0,1,0,0,0
"Smilax_microdontus",0,0,1,0,1,0,0,0
"Smilax_microphylla",0,0,1,0,1,0,0,0
"Smilax_minarum",0,0,1,0,1,0,0,0
"Smilax_minutiflora",0,0,1,0,1,0,0,0
"Smilax_modesta",0,0,1,0,1,0,0,0
"Smilax_mollis",0,0,1,0,1,0,0,0
"Smilax_moranensis",0,0,1,0,1,0,0,0
"Smilax_munita",0,0,1,0,1,0,0,0
"Smilax_muscosa",0,0,1,0,1,0,0,0
"Smilax_myosotiflora",0,0,1,0,1,0,0,0
"Smilax_myrtillus",0,0,1,0,1,0,0,0
"Smilax_nageliana",0,0,1,0,1,0,0,0
"Smilax_nana",0,0,1,0,1,0,0,0
"Smilax_nantoensis",0,0,1,0,1,0,0,0
"Smilax_neocaledonica",0,0,1,0,1,0,0,0
"Smilax_neocyclophylla",0,0,1,0,1,0,0,0
"Smilax_nervomarginata",0,0,1,0,1,0,0,0
"Smilax_nigrescens",0,0,1,0,1,0,0,0
"Smilax_nipponica",0,0,1,0,1,0,0,0
"Smilax_nova-guineensis",0,0,1,0,1,0,0,0
"Smilax_obliquata",0,0,1,0,1,0,0,0
"Smilax_oblongata",0,0,1,0,1,0,0,0
"Smilax_oblongifolia",0,0,1,0,1,0,0,0
"Smilax_ocreata",0,0,1,0,1,0,0,0
"Smilax_odoratissima",0,0,1,0,1,0,0,0
"Smilax_officinalis",0,0,1,0,1,0,0,0
"Smilax_orbiculata",0,0,1,0,1,0,0,0
"Smilax_ornata",0,0,1,0,1,0,0,0
"Smilax_orthoptera",0,0,1,0,1,0,0,0
"Smilax_outanscianensis",0,0,1,0,1,0,0,0
"Smilax_ovalifolia",0,0,1,0,1,0,0,0
"Smilax_ovatolanceolata",0,0,1,0,1,0,0,0
"Smilax_pachysandroides",0,0,1,0,1,0,0,0
"Smilax_paniculata",0,0,1,0,1,0,0,0
"Smilax_papuana",0,0,1,0,1,0,0,0
"Smilax_perfoliata",0,0,1,0,1,0,0,0
"Smilax_pertenuis",0,0,1,0,1,0,0,0
"Smilax_petelotii",0,0,1,0,1,0,0,0
"Smilax_pilcomayensis",0,0,1,0,1,0,0,0
"Smilax_pilosa",0,0,1,0,1,0,0,0
"Smilax_pinfaensis",0,0,1,0,1,0,0,0
"Smilax_plurifurcata",0,0,1,0,1,0,0,0
"Smilax_poilanei",0,0,1,0,1,0,0,0
"Smilax_polyacantha",0,0,1,0,1,0,0,0
"Smilax_polyandra",0,0,1,0,1,0,0,0
"Smilax_polyantha",0,0,1,0,1,0,0,0
"Smilax_polycolea",0,0,1,0,1,0,0,0
"Smilax_populnea",0,0,1,0,1,0,0,0
"Smilax_pottingeri",0,0,1,0,1,0,0,0
"Smilax_pseudochina",0,0,1,0,1,0,0,0
"Smilax_pulverulenta",0,0,1,0,1,0,0,0
"Smilax_pumila",0,0,1,0,1,0,0,0
"Smilax_purhampuy",0,0,1,0,1,0,0,0
"Smilax_purpurata",0,0,1,0,1,0,0,0
"Smilax_pygmaea",0,0,1,0,1,0,0,0
"Smilax_quadrata",0,0,1,0,1,0,0,0
"Smilax_quadrumbellata",0,0,1,0,1,0,0,0
"Smilax_quinquenervia",0,0,1,0,1,0,0,0
"Smilax_remotinervis",0,0,1,0,1,0,0,0
"Smilax_retroflexa",0,0,1,0,1,0,0,0
"Smilax_riparia",0,0,1,0,1,0,0,0
"Smilax_rotundifolia",0,0,1,0,1,0,0,0
"Smilax_roxburghiana",0,0,1,0,1,0,0,0
"Smilax_rubromarginata",0,0,1,0,1,0,0,0
"Smilax_rufescens",0,0,1,0,1,0,0,0
"Smilax_ruiziana",0,0,1,0,1,0,0,0
"Smilax_salicifolia",0,0,1,0,1,0,0,0
"Smilax_sanguinea",0,0,1,0,1,0,0,0
"Smilax_santaremensis",0,0,1,0,1,0,0,0
"Smilax_saulensis",0,0,1,0,1,0,0,0
"Smilax_schomburgkiana",0,0,1,0,1,0,0,0
"Smilax_scobinicaulis",0,0,1,0,1,0,0,0
"Smilax_sebeana",0,0,1,0,1,0,0,0
"Smilax_seisuiensis",0,0,1,0,1,0,0,0
"Smilax_septemnervia",0,0,1,0,1,0,0,0
"Smilax_setiramula",0,0,1,0,1,0,0,0
"Smilax_setosa",0,0,1,0,1,0,0,0
"Smilax_sieboldii",0,0,1,0,1,0,0,0
"Smilax_silverstonei",0,0,1,0,1,0,0,0
"Smilax_sinclairii",0,0,1,0,1,0,0,0
"Smilax_siphilitica",0,0,1,0,1,0,0,0
"Smilax_solanifolia",0,0,1,0,1,0,0,0
"Smilax_spicata",0,0,1,0,1,0,0,0
"Smilax_spinosa",0,0,1,0,1,0,0,0
"Smilax_spissa",0,0,1,0,1,0,0,0
"Smilax_spruceana",0,0,1,0,1,0,0,0
"Smilax_stans",0,0,1,0,1,0,0,0
"Smilax_stenophylla",0,0,1,0,1,0,0,0
"Smilax_subinermis",0,0,1,0,1,0,0,0
"Smilax_subpubescens",0,0,1,0,1,0,0,0
"Smilax_subsessiliflora",0,0,1,0,1,0,0,0
"Smilax_sumatrensis",0,0,1,0,1,0,0,0
"Smilax_synandra",0,0,1,0,1,0,0,0
"Smilax_talbotiana",0,0,1,0,1,0,0,0
"Smilax_tamnoides",0,0,1,0,1,0,0,0
"Smilax_tetraptera",0,0,1,0,1,0,0,0
"Smilax_timorensis",0,0,1,0,1,0,0,0
"Smilax_tomentosa",0,0,1,0,1,0,0,0
"Smilax_trachypoda",0,0,1,0,1,0,0,0
"Smilax_trinervula",0,0,1,0,1,0,0,0
"Smilax_tsinchengshanensis",0,0,1,0,1,0,0,0
"Smilax_tuberculata",0,0,1,0,1,0,0,0
"Smilax_turbans",0,0,1,0,1,0,0,0
"Smilax_utilis",0,0,1,0,1,0,0,0
"Smilax_vaginata",0,0,1,0,1,0,0,0
"Smilax_vanchingshanensis",0,0,1,0,1,0,0,0
"Smilax_velutina",0,0,1,0,1,0,0,0
"Smilax_verrucosa",0,0,1,0,1,0,0,0
"Smilax_verticalis",0,0,1,0,1,0,0,0
"Smilax_vitiensis",0,0,1,0,1,0,0,0
"Smilax_wallichii",0,0,1,0,1,0,0,0
"Smilax_walteri",0,0,1,0,1,0,0,0
"Smilax_wightii",0,0,1,0,1,0,0,0
"Smilax_williamsii",0,0,1,0,1,0,0,0
"Smilax_yunnanensis",0,0,1,0,1,0,0,0
"Smilax_zeylanica",0,0,1,0,1,0,0,0
"Amana_anhuiensis",1,1,0,0,1,0,0,0
"Amana_edulis",1,1,0,0,1,0,0,0
"Amana_erythronioides",1,1,0,0,1,0,0,0
"Amana_kuocangshanica",1,1,0,0,1,0,0,0
"Amana_wanzhensis",1,1,0,0,1,0,0,0
"Calochortus_albus",1,1,0,0,1,0,0,0
"Calochortus_amabilis",1,1,0,0,1,0,0,0
"Calochortus_ambiguus",1,1,0,0,1,0,0,0
"Calochortus_amoenus",1,1,0,0,1,0,0,0
"Calochortus_apiculatus",1,1,0,0,1,0,0,0
"Calochortus_argillosus",1,1,0,0,1,0,0,0
"Calochortus_aureus",1,1,0,0,1,0,0,0
"Calochortus_balsensis",1,1,0,0,1,0,0,0
"Calochortus_barbatus",1,1,0,0,1,0,0,0
"Calochortus_bruneaunis",1,1,0,0,1,0,0,0
"Calochortus_catalinae",1,1,0,0,1,0,0,0
"Calochortus_cernuus",1,1,0,0,1,0,0,0
"Calochortus_ciscoensis",1,1,0,0,1,0,0,0
"Calochortus_clavatus",1,1,0,0,1,0,0,0
"Calochortus_coeruleus",1,1,0,0,1,0,0,0
"Calochortus_concolor",1,1,0,0,1,0,0,0
"Calochortus_coxii",1,1,0,0,1,0,0,0
"Calochortus_dunnii",1,1,0,0,1,0,0,0
"Calochortus_elegans",1,1,0,0,1,0,0,0
"Calochortus_eurycarpus",1,1,0,0,1,0,0,0
"Calochortus_excavatus",1,1,0,0,1,0,0,0
"Calochortus_exilis",1,1,0,0,1,0,0,0
"Calochortus_fimbriatus",1,1,0,0,1,0,0,0
"Calochortus_flexuosus",1,1,0,0,1,0,0,0
"Calochortus_foliosus",1,1,0,0,1,0,0,0
"Calochortus_fuscus",1,1,0,0,1,0,0,0
"Calochortus_ghiesbreghtii",1,1,0,0,1,0,0,0
"Calochortus_greenei",1,1,0,0,1,0,0,0
"Calochortus_gunnisonii",1,1,0,0,1,0,0,0
"Calochortus_hartwegii",1,1,0,0,1,0,0,0
"Calochortus_howellii",1,1,0,0,1,0,0,0
"Calochortus_invenustus",1,1,0,0,1,0,0,0
"Calochortus_kennedyi",1,1,0,0,1,0,0,0
"Calochortus_leichtlinii",1,1,0,0,1,0,0,0
"Calochortus_longibarbatus",1,1,0,0,1,0,0,0
"Calochortus_luteus",1,1,0,0,1,0,0,0
"Calochortus_lyallii",1,1,0,0,1,0,0,0
"Calochortus_macrocarpus",1,1,0,0,1,0,0,0
"Calochortus_marcellae",1,1,0,0,1,0,0,0
"Calochortus_mendozae",1,1,0,0,1,0,0,0
"Calochortus_minimus",1,1,0,0,1,0,0,0
"Calochortus_monanthus",1,1,0,0,1,0,0,0
"Calochortus_monophyllus",1,1,0,0,1,0,0,0
"Calochortus_nigrescens",1,1,0,0,1,0,0,0
"Calochortus_nitidus",1,1,0,0,1,0,0,0
"Calochortus_nudus",1,1,0,0,1,0,0,0
"Calochortus_nuttallii",1,1,0,0,1,0,0,0
"Calochortus_obispoensis",1,1,0,0,1,0,0,0
"Calochortus_palmeri",1,1,0,0,1,0,0,0
"Calochortus_panamintensis",1,1,0,0,1,0,0,0
"Calochortus_persistens",1,1,0,0,1,0,0,0
"Calochortus_plummerae",1,1,0,0,1,0,0,0
"Calochortus_pringlei",1,1,0,0,1,0,0,0
"Calochortus_pulchellus",1,1,0,0,1,0,0,0
"Calochortus_purpureus",1,1,0,0,1,0,0,0
"Calochortus_raichei",1,1,0,0,1,0,0,0
"Calochortus_rustvoldii",1,1,0,0,1,0,0,0
"Calochortus_simulans",1,1,0,0,1,0,0,0
"Calochortus_spatulatus",1,1,0,0,1,0,0,0
"Calochortus_splendens",1,1,0,0,1,0,0,0
"Calochortus_striatus",1,1,0,0,1,0,0,0
"Calochortus_subalpinus",1,1,0,0,1,0,0,0
"Calochortus_superbus",1,1,0,0,1,0,0,0
"Calochortus_syntrophus",1,1,0,0,1,0,0,0
"Calochortus_tiburonensis",1,1,0,0,1,0,0,0
"Calochortus_tolmiei",1,1,0,0,1,0,0,0
"Calochortus_umbellatus",1,1,0,0,1,0,0,0
"Calochortus_umpquaensis",1,1,0,0,1,0,0,0
"Calochortus_uniflorus",1,1,0,0,1,0,0,0
"Calochortus_venustulus",1,1,0,0,1,0,0,0
"Calochortus_venustus",1,1,0,0,1,0,0,0
"Calochortus_vestae",1,1,0,0,1,0,0,0
"Calochortus_weedii",1,1,0,0,1,0,0,0
"Calochortus_westonii",1,1,0,0,1,0,0,0
"Cardiocrinum_cathayanum",1,1,0,0,1,0,0,0
"Cardiocrinum_cordatum",1,1,0,0,1,0,0,0
"Cardiocrinum_giganteum",1,1,0,0,1,0,0,0
"Clintonia_andrewsiana",0,0,1,0,1,0,0,0
"Clintonia_borealis",0,0,1,0,1,0,0,0
"Clintonia_udensis",0,0,1,0,1,0,0,0
"Clintonia_umbellulata",0,0,1,0,1,0,0,0
"Clintonia_uniflora",0,0,1,0,1,0,0,0
"Erythronium_albidum",1,1,0,0,1,0,0,0
"Erythronium_americanum",1,1,0,0,1,0,0,0
"Erythronium_californicum",1,1,0,0,1,0,0,0
"Erythronium_caucasicum",1,1,0,0,1,0,0,0
"Erythronium_citrinum",1,1,0,0,1,0,0,0
"Erythronium_dens-canis",1,1,0,0,1,0,0,0
"Erythronium_elegans",1,1,0,0,1,0,0,0
"Erythronium_grandiflorum",1,1,0,0,1,0,0,0
"Erythronium_helenae",1,1,0,0,1,0,0,0
"Erythronium_hendersonii",1,1,0,0,1,0,0,0
"Erythronium_howellii",1,1,0,0,1,0,0,0
"Erythronium_idahoense",1,1,0,0,1,0,0,0
"Erythronium_japonicum",1,1,0,0,1,0,0,0
"Erythronium_klamathense",1,1,0,0,1,0,0,0
"Erythronium_krylovii",1,1,0,0,1,0,0,0
"Erythronium_mesochoreum",1,1,0,0,1,0,0,0
"Erythronium_montanum",1,1,0,0,1,0,0,0
"Erythronium_multiscapideum",1,1,0,0,1,0,0,0
"Erythronium_oregonum",1,1,0,0,1,0,0,0
"Erythronium_pluriflorum",1,1,0,0,1,0,0,0
"Erythronium_propullans",1,1,0,0,1,0,0,0
"Erythronium_purpurascens",1,1,0,0,1,0,0,0
"Erythronium_pusaterii",1,1,0,0,1,0,0,0
"Erythronium_quinaultense",1,1,0,0,1,0,0,0
"Erythronium_revolutum",1,1,0,0,1,0,0,0
"Erythronium_rostratum",1,1,0,0,1,0,0,0
"Erythronium_sajanense",1,1,0,0,1,0,0,0
"Erythronium_shastense",1,1,0,0,1,0,0,0
"Erythronium_sibiricum",1,1,0,0,1,0,0,0
"Erythronium_sulevii",1,1,0,0,1,0,0,0
"Erythronium_taylorii",1,1,0,0,1,0,0,0
"Erythronium_tuolumnense",1,1,0,0,1,0,0,0
"Erythronium_umbilicatum",1,1,0,0,1,0,0,0
"Fritillaria_acmopetala",1,1,0,0,1,0,0,0
"Fritillaria_affinis",1,1,0,0,1,0,0,0
"Fritillaria_agrestis",1,1,0,0,1,0,0,0
"Fritillaria_alburyana",1,1,0,0,1,0,0,0
"Fritillaria_alfredae",1,1,0,0,1,0,0,0
"Fritillaria_amabilis",1,1,0,0,1,0,0,0
"Fritillaria_amana",1,1,0,0,1,0,0,0
"Fritillaria_anhuiensis",1,1,0,0,1,0,0,0
"Fritillaria_ariana",1,1,0,0,1,0,0,0
"Fritillaria_assyriaca",1,1,0,0,1,0,0,0
"Fritillaria_asumaniae",1,1,0,0,1,0,0,0
"Fritillaria_atrolineata",1,1,0,0,1,0,0,0
"Fritillaria_atropurpurea",1,1,0,0,1,0,0,0
"Fritillaria_aurea",1,1,0,0,1,0,0,0
"Fritillaria_avromanica",1,1,0,0,1,0,0,0
"Fritillaria_ayakoana",1,1,0,0,1,0,0,0
"Fritillaria_baskilensis",1,1,0,0,1,0,0,0
"Fritillaria_biflora",1,1,0,0,1,0,0,0
"Fritillaria_bithynica",1,1,0,0,1,0,0,0
"Fritillaria_brandegeei",1,1,0,0,1,0,0,0
"Fritillaria_bucharica",1,1,0,0,1,0,0,0
"Fritillaria_byfieldii",1,1,0,0,1,0,0,0
"Fritillaria_camschatcensis",1,1,0,0,1,0,0,0
"Fritillaria_carica",1,1,0,0,1,0,0,0
"Fritillaria_caucasica",1,1,0,0,1,0,0,0
"Fritillaria_chitralensis",1,1,0,0,1,0,0,0
"Fritillaria_chlorantha",1,1,0,0,1,0,0,0
"Fritillaria_chlororhabdota",1,1,0,0,1,0,0,0
"Fritillaria_cirrhosa",1,1,0,0,1,0,0,0
"Fritillaria_collina",1,1,0,0,1,0,0,0
"Fritillaria_conica",1,1,0,0,1,0,0,0
"Fritillaria_crassicaulis",1,1,0,0,1,0,0,0
"Fritillaria_crassifolia",1,1,0,0,1,0,0,0
"Fritillaria_dagana",1,1,0,0,1,0,0,0
"Fritillaria_dajinensis",1,1,0,0,1,0,0,0
"Fritillaria_davidii",1,1,0,0,1,0,0,0
"Fritillaria_davisii",1,1,0,0,1,0,0,0
"Fritillaria_delavayi",1,1,0,0,1,0,0,0
"Fritillaria_drenovskii",1,1,0,0,1,0,0,0
"Fritillaria_dzhabavae",1,1,0,0,1,0,0,0
"Fritillaria_eastwoodiae",1,1,0,0,1,0,0,0
"Fritillaria_eduardii",1,1,0,0,1,0,0,0
"Fritillaria_ehrhartii",1,1,0,0,1,0,0,0
"Fritillaria_elwesii",1,1,0,0,1,0,0,0
"Fritillaria_epirotica",1,1,0,0,1,0,0,0
"Fritillaria_euboeica",1,1,0,0,1,0,0,0
"Fritillaria_falcata",1,1,0,0,1,0,0,0
"Fritillaria_ferganensis",1,1,0,0,1,0,0,0
"Fritillaria_fleischeriana",1,1,0,0,1,0,0,0
"Fritillaria_forbesii",1,1,0,0,1,0,0,0
"Fritillaria_frankiorum",1,1,0,0,1,0,0,0
"Fritillaria_fusca",1,1,0,0,1,0,0,0
"Fritillaria_gentneri",1,1,0,0,1,0,0,0
"Fritillaria_gibbosa",1,1,0,0,1,0,0,0
"Fritillaria_glauca",1,1,0,0,1,0,0,0
"Fritillaria_graeca",1,1,0,0,1,0,0,0
"Fritillaria_grandiflora",1,1,0,0,1,0,0,0
"Fritillaria_gussichiae",1,1,0,0,1,0,0,0
"Fritillaria_hermonis",1,1,0,0,1,0,0,0
"Fritillaria_imperialis",1,1,0,0,1,0,0,0
"Fritillaria_involucrata",1,1,0,0,1,0,0,0
"Fritillaria_japonica",1,1,0,0,1,0,0,0
"Fritillaria_kaiensis",1,1,0,0,1,0,0,0
"Fritillaria_karelinii",1,1,0,0,1,0,0,0
"Fritillaria_kittaniae",1,1,0,0,1,0,0,0
"Fritillaria_koidzumiana",1,1,0,0,1,0,0,0
"Fritillaria_kotschyana",1,1,0,0,1,0,0,0
"Fritillaria_kurdica",1,1,0,0,1,0,0,0
"Fritillaria_lagodechiana",1,1,0,0,1,0,0,0
"Fritillaria_latakiensis",1,1,0,0,1,0,0,0
"Fritillaria_latifolia",1,1,0,0,1,0,0,0
"Fritillaria_legionensis",1,1,0,0,1,0,0,0
"Fritillaria_liliacea",1,1,0,0,1,0,0,0
"Fritillaria_lusitanica",1,1,0,0,1,0,0,0
"Fritillaria_macedonica",1,1,0,0,1,0,0,0
"Fritillaria_macrocarpa",1,1,0,0,1,0,0,0
"Fritillaria_maximowiczii",1,1,0,0,1,0,0,0
"Fritillaria_meleagris",1,1,0,0,1,0,0,0
"Fritillaria_meleagroides",1,1,0,0,1,0,0,0
"Fritillaria_messanensis",1,1,0,0,1,0,0,0
"Fritillaria_michailovskyi",1,1,0,0,1,0,0,0
"Fritillaria_milasensis",1,1,0,0,1,0,0,0
"Fritillaria_minima",1,1,0,0,1,0,0,0
"Fritillaria_minuta",1,1,0,0,1,0,0,0
"Fritillaria_monantha",1,1,0,0,1,0,0,0
"Fritillaria_montana",1,1,0,0,1,0,0,0
"Fritillaria_mughlae",1,1,0,0,1,0,0,0
"Fritillaria_muraiana",1,1,0,0,1,0,0,0
"Fritillaria_mutabilis",1,1,0,0,1,0,0,0
"Fritillaria_obliqua",1,1,0,0,1,0,0,0
"Fritillaria_ojaiensis",1,1,0,0,1,0,0,0
"Fritillaria_olgae",1,1,0,0,1,0,0,0
"Fritillaria_olivieri",1,1,0,0,1,0,0,0
"Fritillaria_oranensis",1,1,0,0,1,0,0,0
"Fritillaria_orientalis",1,1,0,0,1,0,0,0
"Fritillaria_pallidiflora",1,1,0,0,1,0,0,0
"Fritillaria_persica",1,1,0,0,1,0,0,0
"Fritillaria_pinardii",1,1,0,0,1,0,0,0
"Fritillaria_pinetorum",1,1,0,0,1,0,0,0
"Fritillaria_pluriflora",1,1,0,0,1,0,0,0
"Fritillaria_pontica",1,1,0,0,1,0,0,0
"Fritillaria_przewalskii",1,1,0,0,1,0,0,0
"Fritillaria_pudica",1,1,0,0,1,0,0,0
"Fritillaria_purdyi",1,1,0,0,1,0,0,0
"Fritillaria_pyrenaica",1,1,0,0,1,0,0,0
"Fritillaria_raddeana",1,1,0,0,1,0,0,0
"Fritillaria_recurva",1,1,0,0,1,0,0,0
"Fritillaria_regelii",1,1,0,0,1,0,0,0
"Fritillaria_reuteri",1,1,0,0,1,0,0,0
"Fritillaria_rhodia",1,1,0,0,1,0,0,0
"Fritillaria_rhodocanakis",1,1,0,0,1,0,0,0
"Fritillaria_ruthenica",1,1,0,0,1,0,0,0
"Fritillaria_serpenticola",1,1,0,0,1,0,0,0
"Fritillaria_sewerzowii",1,1,0,0,1,0,0,0
"Fritillaria_shikokiana",1,1,0,0,1,0,0,0
"Fritillaria_sibthorpiana",1,1,0,0,1,0,0,0
"Fritillaria_sichuanica",1,1,0,0,1,0,0,0
"Fritillaria_sinica",1,1,0,0,1,0,0,0
"Fritillaria_skorpili",1,1,0,0,1,0,0,0
"Fritillaria_sonnikovae",1,1,0,0,1,0,0,0
"Fritillaria_sororum",1,1,0,0,1,0,0,0
"Fritillaria_stenanthera",1,1,0,0,1,0,0,0
"Fritillaria_straussii",1,1,0,0,1,0,0,0
"Fritillaria_striata",1,1,0,0,1,0,0,0
"Fritillaria_stribrnyi",1,1,0,0,1,0,0,0
"Fritillaria_taipaiensis",1,1,0,0,1,0,0,0
"Fritillaria_thunbergii",1,1,0,0,1,0,0,0
"Fritillaria_tortifolia",1,1,0,0,1,0,0,0
"Fritillaria_tubaeformis",1,1,0,0,1,0,0,0
"Fritillaria_unibracteata",1,1,0,0,1,0,0,0
"Fritillaria_usuriensis",1,1,0,0,1,0,0,0
"Fritillaria_uva-vulpis",1,1,0,0,1,0,0,0
"Fritillaria_verticillata",1,1,0,0,1,0,0,0
"Fritillaria_viridea",1,1,0,0,1,0,0,0
"Fritillaria_viridiflora",1,1,0,0,1,0,0,0
"Fritillaria_walujewii",1,1,0,0,1,0,0,0
"Fritillaria_whittallii",1,1,0,0,1,0,0,0
"Fritillaria_yuminensis",1,1,0,0,1,0,0,0
"Fritillaria_yuzhongensis",1,1,0,0,1,0,0,0
"Gagea_afghanica",1,1,0,0,1,0,0,0
"Gagea_aipetriensis",1,1,0,0,1,0,0,0
"Gagea_alashanica",1,1,0,0,1,0,0,0
"Gagea_alberti",1,1,0,0,1,0,0,0
"Gagea_alexeenkoana",1,1,0,0,1,0,0,0
"Gagea_alexejana",1,1,0,0,1,0,0,0
"Gagea_alexii",1,1,0,0,1,0,0,0
"Gagea_algeriensis",1,1,0,0,1,0,0,0
"Gagea_alii",1,1,0,0,1,0,0,0
"Gagea_altaica",1,1,0,0,1,0,0,0
"Gagea_amblyopetala",1,1,0,0,1,0,0,0
"Gagea_ancestralis",1,1,0,0,1,0,0,0
"Gagea_angelae",1,1,0,0,1,0,0,0
"Gagea_angrenica",1,1,0,0,1,0,0,0
"Gagea_anisopoda",1,1,0,0,1,0,0,0
"Gagea_antakiensis",1,1,0,0,1,0,0,0
"Gagea_apulica",1,1,0,0,1,0,0,0
"Gagea_artemczukii",1,1,0,0,1,0,0,0
"Gagea_azutavica",1,1,0,0,1,0,0,0
"Gagea_baluchistanica",1,1,0,0,1,0,0,0
"Gagea_baschkyzylsaica",1,1,0,0,1,0,0,0
"Gagea_bashoensis",1,1,0,0,1,0,0,0
"Gagea_bergii",1,1,0,0,1,0,0,0
"Gagea_bezengiensis",1,1,0,0,1,0,0,0
"Gagea_bithynica",1,1,0,0,1,0,0,0
"Gagea_bohemica",1,1,0,0,1,0,0,0
"Gagea_bornmuelleriana",1,1,0,0,1,0,0,0
"Gagea_bowes-lyonii",1,1,0,0,1,0,0,0
"Gagea_brevistolonifera",1,1,0,0,1,0,0,0
"Gagea_bulbifera",1,1,0,0,1,0,0,0
"Gagea_caelestis",1,1,0,0,1,0,0,0
"Gagea_calantha",1,1,0,0,1,0,0,0
"Gagea_calcicola",1,1,0,0,1,0,0,0
"Gagea_calyptrifolia",1,1,0,0,1,0,0,0
"Gagea_capillifolia",1,1,0,0,1,0,0,0
"Gagea_capusii",1,1,0,0,1,0,0,0
"Gagea_caroli-kochii",1,1,0,0,1,0,0,0
"Gagea_chabertii",1,1,0,0,1,0,0,0
"Gagea_chanae",1,1,0,0,1,0,0,0
"Gagea_charadzeae",1,1,0,0,1,0,0,0
"Gagea_chinensis",1,1,0,0,1,0,0,0
"Gagea_chitralensis",1,1,0,0,1,0,0,0
"Gagea_chlorantha",1,1,0,0,1,0,0,0
"Gagea_chloroneura",1,1,0,0,1,0,0,0
"Gagea_chomutovae",1,1,0,0,1,0,0,0
"Gagea_chrysantha",1,1,0,0,1,0,0,0
"Gagea_circumplexa",1,1,0,0,1,0,0,0
"Gagea_commutata",1,1,0,0,1,0,0,0
"Gagea_confusa",1,1,0,0,1,0,0,0
"Gagea_cuneata",1,1,0,0,1,0,0,0
"Gagea_czatkalica",1,1,0,0,1,0,0,0
"Gagea_daghestanica",1,1,0,0,1,0,0,0
"Gagea_daqingshanensis",1,1,0,0,1,0,0,0
"Gagea_davlianidzeae",1,1,0,0,1,0,0,0
"Gagea_dayana",1,1,0,0,1,0,0,0
"Gagea_delicatula",1,1,0,0,1,0,0,0
"Gagea_deserticola",1,1,0,0,1,0,0,0
"Gagea_divaricata",1,1,0,0,1,0,0,0
"Gagea_drummondii",1,1,0,0,1,0,0,0
"Gagea_dschungarica",1,1,0,0,1,0,0,0
"Gagea_dubia",1,1,0,0,1,0,0,0
"Gagea_durieui",1,1,0,0,1,0,0,0
"Gagea_eleonorae",1,1,0,0,1,0,0,0
"Gagea_exilis",1,1,0,0,1,0,0,0
"Gagea_fedtschenkoana",1,1,0,0,1,0,0,0
"Gagea_ferganica",1,1,0,0,1,0,0,0
"Gagea_fibrosa",1,1,0,0,1,0,0,0
"Gagea_filiformis",1,1,0,0,1,0,0,0
"Gagea_flavonutans",1,1,0,0,1,0,0,0
"Gagea_foliosa",1,1,0,0,1,0,0,0
"Gagea_fragifera",1,1,0,0,1,0,0,0
"Gagea_gageoides",1,1,0,0,1,0,0,0
"Gagea_germainae",1,1,0,0,1,0,0,0
"Gagea_glacialis",1,1,0,0,1,0,0,0
"Gagea_glaucescens",1,1,0,0,1,0,0,0
"Gagea_goljakovii",1,1,0,0,1,0,0,0
"Gagea_gracillima",1,1,0,0,1,0,0,0
"Gagea_graeca",1,1,0,0,1,0,0,0
"Gagea_graminifolia",1,1,0,0,1,0,0,0
"Gagea_granatellii",1,1,0,0,1,0,0,0
"Gagea_granulosa",1,1,0,0,1,0,0,0
"Gagea_gymnopoda",1,1,0,0,1,0,0,0
"Gagea_gypsacea",1,1,0,0,1,0,0,0
"Gagea_helenae",1,1,0,0,1,0,0,0
"Gagea_hiensis",1,1,0,0,1,0,0,0
"Gagea_hissarica",1,1,0,0,1,0,0,0
"Gagea_humicola",1,1,0,0,1,0,0,0
"Gagea_huochengensis",1,1,0,0,1,0,0,0
"Gagea_ignota",1,1,0,0,1,0,0,0
"Gagea_incrustata",1,1,0,0,1,0,0,0
"Gagea_intercedens",1,1,0,0,1,0,0,0
"Gagea_iranica",1,1,0,0,1,0,0,0
"Gagea_jaeschkei",1,1,0,0,1,0,0,0
"Gagea_japonica",1,1,0,0,1,0,0,0
"Gagea_jensii",1,1,0,0,1,0,0,0
"Gagea_jispensis",1,1,0,0,1,0,0,0
"Gagea_joannis",1,1,0,0,1,0,0,0
"Gagea_juliae",1,1,0,0,1,0,0,0
"Gagea_kamelinii",1,1,0,0,1,0,0,0
"Gagea_kneissea",1,1,0,0,1,0,0,0
"Gagea_kopetdagensis",1,1,0,0,1,0,0,0
"Gagea_kunawurensis",1,1,0,0,1,0,0,0
"Gagea_kuraiensis",1,1,0,0,1,0,0,0
"Gagea_kuraminica",1,1,0,0,1,0,0,0
"Gagea_lacaitae",1,1,0,0,1,0,0,0
"Gagea_leosii",1,1,0,0,1,0,0,0
"Gagea_libanotica",1,1,0,0,1,0,0,0
"Gagea_lojaconoi",1,1,0,0,1,0,0,0
"Gagea_longiscapa",1,1,0,0,1,0,0,0
"Gagea_ludmilae",1,1,0,0,1,0,0,0
"Gagea_lusitanica",1,1,0,0,1,0,0,0
"Gagea_lutea",1,1,0,0,1,0,0,0
"Gagea_luteoides",1,1,0,0,1,0,0,0
"Gagea_maeotica",1,1,0,0,1,0,0,0
"Gagea_marchica",1,1,0,0,1,0,0,0
"Gagea_mauritanica",1,1,0,0,1,0,0,0
"Gagea_menitskyi",1,1,0,0,1,0,0,0
"Gagea_mergalahensis",1,1,0,0,1,0,0,0
"Gagea_michaelis",1,1,0,0,1,0,0,0
"Gagea_micrantha",1,1,0,0,1,0,0,0
"Gagea_minima",1,1,0,0,1,0,0,0
"Gagea_minutiflora",1,1,0,0,1,0,0,0
"Gagea_minutissima",1,1,0,0,1,0,0,0
"Gagea_moniliformis",1,1,0,0,1,0,0,0
"Gagea_multipedunculifera",1,1,0,0,1,0,0,0
"Gagea_nabievii",1,1,0,0,1,0,0,0
"Gagea_nakaiana",1,1,0,0,1,0,0,0
"Gagea_neopopovii",1,1,0,0,1,0,0,0
"Gagea_nevadensis",1,1,0,0,1,0,0,0
"Gagea_noltiei",1,1,0,0,1,0,0,0
"Gagea_novoascanica",1,1,0,0,1,0,0,0
"Gagea_olgae",1,1,0,0,1,0,0,0
"Gagea_omalensis",1,1,0,0,1,0,0,0
"Gagea_paedophila",1,1,0,0,1,0,0,0
"Gagea_pakistanica",1,1,0,0,1,0,0,0
"Gagea_paniculata",1,1,0,0,1,0,0,0
"Gagea_pauciflora",1,1,0,0,1,0,0,0
"Gagea_pedata",1,1,0,0,1,0,0,0
"Gagea_peduncularis",1,1,0,0,1,0,0,0
"Gagea_peruzzii",1,1,0,0,1,0,0,0
"Gagea_podolica",1,1,0,0,1,0,0,0
"Gagea_polymorpha",1,1,0,0,1,0,0,0
"Gagea_popovii",1,1,0,0,1,0,0,0
"Gagea_praemixta",1,1,0,0,1,0,0,0
"Gagea_pratensis",1,1,0,0,1,0,0,0
"Gagea_pseudominutiflora",1,1,0,0,1,0,0,0
"Gagea_pseudopeduncularis",1,1,0,0,1,0,0,0
"Gagea_punjabica",1,1,0,0,1,0,0,0
"Gagea_pusilla",1,1,0,0,1,0,0,0
"Gagea_quasitenuifolia",1,1,0,0,1,0,0,0
"Gagea_quettica",1,1,0,0,1,0,0,0
"Gagea_ramulosa",1,1,0,0,1,0,0,0
"Gagea_rawalpindica",1,1,0,0,1,0,0,0
"Gagea_reinhardii",1,1,0,0,1,0,0,0
"Gagea_reticulata",1,1,0,0,1,0,0,0
"Gagea_reverchonii",1,1,0,0,1,0,0,0
"Gagea_rigida",1,1,0,0,1,0,0,0
"Gagea_robusta",1,1,0,0,1,0,0,0
"Gagea_rubicunda",1,1,0,0,1,0,0,0
"Gagea_rubinae",1,1,0,0,1,0,0,0
"Gagea_rufidula",1,1,0,0,1,0,0,0
"Gagea_rupicola",1,1,0,0,1,0,0,0
"Gagea_sarmentosa",1,1,0,0,1,0,0,0
"Gagea_sarysuensis",1,1,0,0,1,0,0,0
"Gagea_schachimardanica",1,1,0,0,1,0,0,0
"Gagea_schugnanica",1,1,0,0,1,0,0,0
"Gagea_scythica",1,1,0,0,1,0,0,0
"Gagea_serotina",1,1,0,0,1,0,0,0
"Gagea_setifolia",1,1,0,0,1,0,0,0
"Gagea_shmakoviana",1,1,0,0,1,0,0,0
"Gagea_sicula",1,1,0,0,1,0,0,0
"Gagea_siphonantha",1,1,0,0,1,0,0,0
"Gagea_sivasica",1,1,0,0,1,0,0,0
"Gagea_soleirolii",1,1,0,0,1,0,0,0
"Gagea_spathacea",1,1,0,0,1,0,0,0
"Gagea_spumosa",1,1,0,0,1,0,0,0
"Gagea_staintonii",1,1,0,0,1,0,0,0
"Gagea_stepposa",1,1,0,0,1,0,0,0
"Gagea_subtilis",1,1,0,0,1,0,0,0
"Gagea_sulfurea",1,1,0,0,1,0,0,0
"Gagea_tadshikistanica",1,1,0,0,1,0,0,0
"Gagea_takhtajanii",1,1,0,0,1,0,0,0
"Gagea_talassica",1,1,0,0,1,0,0,0
"Gagea_taschkentica",1,1,0,0,1,0,0,0
"Gagea_taurica",1,1,0,0,1,0,0,0
"Gagea_tenera",1,1,0,0,1,0,0,0
"Gagea_tenuissima",1,1,0,0,1,0,0,0
"Gagea_tesquicola",1,1,0,0,1,0,0,0
"Gagea_tisoniana",1,1,0,0,1,0,0,0
"Gagea_toktogulii",1,1,0,0,1,0,0,0
"Gagea_toppinii",1,1,0,0,1,0,0,0
"Gagea_transversalis",1,1,0,0,1,0,0,0
"Gagea_triflora",1,1,0,0,1,0,0,0
"Gagea_trinervia",1,1,0,0,1,0,0,0
"Gagea_turanica",1,1,0,0,1,0,0,0
"Gagea_ucrainica",1,1,0,0,1,0,0,0
"Gagea_ugamica",1,1,0,0,1,0,0,0
"Gagea_ulazsaica",1,1,0,0,1,0,0,0
"Gagea_uliginosa",1,1,0,0,1,0,0,0
"Gagea_utriculosa",1,1,0,0,1,0,0,0
"Gagea_vaginata",1,1,0,0,1,0,0,0
"Gagea_vanensis",1,1,0,0,1,0,0,0
"Gagea_vegeta",1,1,0,0,1,0,0,0
"Gagea_villosa",1,1,0,0,1,0,0,0
"Gagea_villosula",1,1,0,0,1,0,0,0
"Gagea_vvedenskyi",1,1,0,0,1,0,0,0
"Gagea_wallichii",1,1,0,0,1,0,0,0
"Gagea_wendelboi",1,1,0,0,1,0,0,0
"Gagea_xiphoidea",1,1,0,0,1,0,0,0
"Lilium_akkusianum",1,1,0,0,1,0,0,0
"Lilium_albanicum",1,1,0,0,1,0,0,0
"Lilium_amabile",1,1,0,0,1,0,0,0
"Lilium_amoenum",1,1,0,0,1,0,0,0
"Lilium_anhuiense",1,1,0,0,1,0,0,0
"Lilium_apertum",1,1,0,0,1,0,0,0
"Lilium_arboricola",1,1,0,0,1,0,0,0
"Lilium_armenum",1,1,0,0,1,0,0,0
"Lilium_auratum",1,1,0,0,1,0,0,0
"Lilium_bakerianum",1,1,0,0,1,0,0,0
"Lilium_basilissum",1,1,0,0,1,0,0,0
"Lilium_bolanderi",1,1,0,0,1,0,0,0
"Lilium_bosniacum",1,1,0,0,1,0,0,0
"Lilium_brevistylum",1,1,0,0,1,0,0,0
"Lilium_brownii",1,1,0,0,1,0,0,0
"Lilium_bulbiferum",1,1,0,0,1,0,0,0
"Lilium_callosum",1,1,0,0,1,0,0,0
"Lilium_canadense",1,1,0,0,1,0,0,0
"Lilium_candidum",1,1,0,0,1,0,0,0
"Lilium_carniolicum",1,1,0,0,1,0,0,0
"Lilium_catesbaei",1,1,0,0,1,0,0,0
"Lilium_cernuum",1,1,0,0,1,0,0,0
"Lilium_chalcedonicum",1,1,0,0,1,0,0,0
"Lilium_ciliatum",1,1,0,0,1,0,0,0
"Lilium_columbianum",1,1,0,0,1,0,0,0
"Lilium_concolor",1,1,0,0,1,0,0,0
"Lilium_davidii",1,1,0,0,1,0,0,0
"Lilium_debile",1,1,0,0,1,0,0,0
"Lilium_distichum",1,1,0,0,1,0,0,0
"Lilium_duchartrei",1,1,0,0,1,0,0,0
"Lilium_eupetes",1,1,0,0,1,0,0,0
"Lilium_fargesii",1,1,0,0,1,0,0,0
"Lilium_floridum",1,1,0,0,1,0,0,0
"Lilium_formosanum",1,1,0,0,1,0,0,0
"Lilium_georgei",1,1,0,0,1,0,0,0
"Lilium_gongshanense",1,1,0,0,1,0,0,0
"Lilium_grayi",1,1,0,0,1,0,0,0
"Lilium_hansonii",1,1,0,0,1,0,0,0
"Lilium_henrici",1,1,0,0,1,0,0,0
"Lilium_henryi",1,1,0,0,1,0,0,0
"Lilium_humboldtii",1,1,0,0,1,0,0,0
"Lilium_iridollae",1,1,0,0,1,0,0,0
"Lilium_jankae",1,1,0,0,1,0,0,0
"Lilium_japonicum",1,1,0,0,1,0,0,0
"Lilium_kelleyanum",1,1,0,0,1,0,0,0
"Lilium_kelloggii",1,1,0,0,1,0,0,0
"Lilium_kesselringianum",1,1,0,0,1,0,0,0
"Lilium_lancifolium",1,1,0,0,1,0,0,0
"Lilium_lankongense",1,1,0,0,1,0,0,0
"Lilium_ledebourii",1,1,0,0,1,0,0,0
"Lilium_leichtlinii",1,1,0,0,1,0,0,0
"Lilium_leucanthum",1,1,0,0,1,0,0,0
"Lilium_lijiangense",1,1,0,0,1,0,0,0
"Lilium_longiflorum",1,1,0,0,1,0,0,0
"Lilium_lophophorum",1,1,0,0,1,0,0,0
"Lilium_mackliniae",1,1,0,0,1,0,0,0
"Lilium_maculatum",1,1,0,0,1,0,0,0
"Lilium_maritimum",1,1,0,0,1,0,0,0
"Lilium_martagon",1,1,0,0,1,0,0,0
"Lilium_matangense",1,1,0,0,1,0,0,0
"Lilium_medeoloides",1,1,0,0,1,0,0,0
"Lilium_medogense",1,1,0,0,1,0,0,0
"Lilium_meleagrinum",1,1,0,0,1,0,0,0
"Lilium_michauxii",1,1,0,0,1,0,0,0
"Lilium_michiganense",1,1,0,0,1,0,0,0
"Lilium_monadelphum",1,1,0,0,1,0,0,0
"Lilium_nanum",1,1,0,0,1,0,0,0
"Lilium_nepalense",1,1,0,0,1,0,0,0
"Lilium_nobilissimum",1,1,0,0,1,0,0,0
"Lilium_occidentale",1,1,0,0,1,0,0,0
"Lilium_oxypetalum",1,1,0,0,1,0,0,0
"Lilium_papilliferum",1,1,0,0,1,0,0,0
"Lilium_paradoxum",1,1,0,0,1,0,0,0
"Lilium_pardalinum",1,1,0,0,1,0,0,0
"Lilium_pardanthinum",1,1,0,0,1,0,0,0
"Lilium_parryi",1,1,0,0,1,0,0,0
"Lilium_parvum",1,1,0,0,1,0,0,0
"Lilium_pensylvanicum",1,1,0,0,1,0,0,0
"Lilium_philadelphicum",1,1,0,0,1,0,0,0
"Lilium_philippinense",1,1,0,0,1,0,0,0
"Lilium_pinifolium",1,1,0,0,1,0,0,0
"Lilium_poilanei",1,1,0,0,1,0,0,0
"Lilium_polyphyllum",1,1,0,0,1,0,0,0
"Lilium_pomponium",1,1,0,0,1,0,0,0
"Lilium_ponticum",1,1,0,0,1,0,0,0
"Lilium_primulinum",1,1,0,0,1,0,0,0
"Lilium_procumbens",1,1,0,0,1,0,0,0
"Lilium_puerense",1,1,0,0,1,0,0,0
"Lilium_pumilum",1,1,0,0,1,0,0,0
"Lilium_pyi",1,1,0,0,1,0,0,0
"Lilium_pyrenaicum",1,1,0,0,1,0,0,0
"Lilium_pyrophilum",1,1,0,0,1,0,0,0
"Lilium_regale",1,1,0,0,1,0,0,0
"Lilium_rhodopeum",1,1,0,0,1,0,0,0
"Lilium_rockii",1,1,0,0,1,0,0,0
"Lilium_rosthornii",1,1,0,0,1,0,0,0
"Lilium_rubellum",1,1,0,0,1,0,0,0
"Lilium_rubescens",1,1,0,0,1,0,0,0
"Lilium_saluenense",1,1,0,0,1,0,0,0
"Lilium_sargentiae",1,1,0,0,1,0,0,0
"Lilium_sempervivoideum",1,1,0,0,1,0,0,0
"Lilium_sherriffiae",1,1,0,0,1,0,0,0
"Lilium_souliei",1,1,0,0,1,0,0,0
"Lilium_speciosum",1,1,0,0,1,0,0,0
"Lilium_stewartianum",1,1,0,0,1,0,0,0
"Lilium_sulphureum",1,1,0,0,1,0,0,0
"Lilium_superbum",1,1,0,0,1,0,0,0
"Lilium_synapticum",1,1,0,0,1,0,0,0
"Lilium_szovitsianum",1,1,0,0,1,0,0,0
"Lilium_taliense",1,1,0,0,1,0,0,0
"Lilium_tianschanicum",1,1,0,0,1,0,0,0
"Lilium_tsingtauense",1,1,0,0,1,0,0,0
"Lilium_ukeyuri",1,1,0,0,1,0,0,0
"Lilium_wallichianum",1,1,0,0,1,0,0,0
"Lilium_wardii",1,1,0,0,1,0,0,0
"Lilium_washingtonianum",1,1,0,0,1,0,0,0
"Lilium_yapingense",1,1,0,0,1,0,0,0
"Medeola_virginiana",0,0,1,0,1,0,0,0
"Notholirion_bulbuliferum",1,1,0,0,1,0,0,0
"Notholirion_koeiei",1,1,0,0,1,0,0,0
"Notholirion_macrophyllum",1,1,0,0,1,0,0,0
"Notholirion_thomsonianum",1,1,0,0,1,0,0,0
"Prosartes_hookeri",0,0,1,0,1,0,0,0
"Prosartes_lanuginosa",0,0,1,0,1,0,0,0
"Prosartes_maculata",0,0,1,0,1,0,0,0
"Prosartes_parvifolia",0,0,1,0,1,0,0,0
"Prosartes_smithii",0,0,1,0,1,0,0,0
"Prosartes_trachycarpa",0,0,1,0,1,0,0,0
"Scoliopus_bigelovii",0,0,1,0,1,0,0,0
"Scoliopus_hallii",0,0,1,0,1,0,0,0
"Streptopus_amplexifolius",0,0,1,0,1,0,0,0
"Streptopus_chatterjeeanus",0,0,1,0,1,0,0,0
"Streptopus_koreanus",0,0,1,0,1,0,0,0
"Streptopus_lanceolatus",0,0,1,0,1,0,0,0
"Streptopus_obtusatus",0,0,1,0,1,0,0,0
"Streptopus_ovalis",0,0,1,0,1,0,0,0
"Streptopus_parasimplex",0,0,1,0,1,0,0,0
"Streptopus_parviflorus",0,0,1,0,1,0,0,0
"Streptopus_simplex",0,0,1,0,1,0,0,0
"Streptopus_streptopoides",0,0,1,0,1,0,0,0
"Tricyrtis_affinis",0,0,1,0,1,0,0,0
"Tricyrtis_chinensis",0,0,1,0,1,0,0,0
"Tricyrtis_dilatata",0,0,1,0,1,0,0,0
"Tricyrtis_flava",0,0,1,0,1,0,0,0
"Tricyrtis_formosana",0,0,1,0,1,0,0,0
"Tricyrtis_hirta",0,0,1,0,1,0,0,0
"Tricyrtis_imeldae",0,0,1,0,1,0,0,0
"Tricyrtis_ishiiana",0,0,1,0,1,0,0,0
"Tricyrtis_lasiocarpa",0,0,1,0,1,0,0,0
"Tricyrtis_latifolia",0,0,1,0,1,0,0,0
"Tricyrtis_macrantha",0,0,1,0,1,0,0,0
"Tricyrtis_macranthopsis",0,0,1,0,1,0,0,0
"Tricyrtis_macropoda",0,0,1,0,1,0,0,0
"Tricyrtis_macropoda",0,0,1,0,1,0,0,0
"Tricyrtis_macropoda",0,0,1,0,1,0,0,0
"Tricyrtis_maculata",0,0,1,0,1,0,0,0
"Tricyrtis_nana",0,0,1,0,1,0,0,0
"Tricyrtis_ohsumiensis",0,0,1,0,1,0,0,0
"Tricyrtis_perfoliata",0,0,1,0,1,0,0,0
"Tricyrtis_puberula",0,0,1,0,1,0,0,0
"Tricyrtis_setouchiensis",0,0,1,0,1,0,0,0
"Tricyrtis_suzukii",0,0,1,0,1,0,0,0
"Tulipa_agenensis",1,1,0,0,1,0,0,0
"Tulipa_albanica",1,1,0,0,1,0,0,0
"Tulipa_alberti",1,1,0,0,1,0,0,0
"Tulipa_aleppensis",1,1,0,0,1,0,0,0
"Tulipa_altaica",1,1,0,0,1,0,0,0
"Tulipa_anisophylla",1,1,0,0,1,0,0,0
"Tulipa_armena",1,1,0,0,1,0,0,0
"Tulipa_auliekolica",1,1,0,0,1,0,0,0
"Tulipa_banuensis",1,1,0,0,1,0,0,0
"Tulipa_biflora",1,1,0,0,1,0,0,0
"Tulipa_bifloriformis",1,1,0,0,1,0,0,0
"Tulipa_boettgeri",1,1,0,0,1,0,0,0
"Tulipa_borszczowii",1,1,0,0,1,0,0,0
"Tulipa_botschantzevae",1,1,0,0,1,0,0,0
"Tulipa_butkovii",1,1,0,0,1,0,0,0
"Tulipa_carinata",1,1,0,0,1,0,0,0
"Tulipa_cinnabarina",1,1,0,0,1,0,0,0
"Tulipa_clusiana",1,1,0,0,1,0,0,0
"Tulipa_cretica",1,1,0,0,1,0,0,0
"Tulipa_cypria",1,1,0,0,1,0,0,0
"Tulipa_dasystemon",1,1,0,0,1,0,0,0
"Tulipa_dubia",1,1,0,0,1,0,0,0
"Tulipa_faribae",1,1,0,0,1,0,0,0
"Tulipa_ferganica",1,1,0,0,1,0,0,0
"Tulipa_foliosa",1,1,0,0,1,0,0,0
"Tulipa_fosteriana",1,1,0,0,1,0,0,0
"Tulipa_gesneriana",1,1,0,0,1,0,0,0
"Tulipa_greigii",1,1,0,0,1,0,0,0
"Tulipa_harazensis",1,1,0,0,1,0,0,0
"Tulipa_heteropetala",1,1,0,0,1,0,0,0
"Tulipa_heterophylla",1,1,0,0,1,0,0,0
"Tulipa_heweri",1,1,0,0,1,0,0,0
"Tulipa_hissarica",1,1,0,0,1,0,0,0
"Tulipa_hoogiana",1,1,0,0,1,0,0,0
"Tulipa_humilis",1,1,0,0,1,0,0,0
"Tulipa_hungarica",1,1,0,0,1,0,0,0
"Tulipa_iliensis",1,1,0,0,1,0,0,0
"Tulipa_ingens",1,1,0,0,1,0,0,0
"Tulipa_intermedia",1,1,0,0,1,0,0,0
"Tulipa_ivasczenkoae",1,1,0,0,1,0,0,0
"Tulipa_jacquesii",1,1,0,0,1,0,0,0
"Tulipa_julia",1,1,0,0,1,0,0,0
"Tulipa_kaufmanniana",1,1,0,0,1,0,0,0
"Tulipa_kolbintsevii",1,1,0,0,1,0,0,0
"Tulipa_kolpakowskiana",1,1,0,0,1,0,0,0
"Tulipa_korolkowii",1,1,0,0,1,0,0,0
"Tulipa_kosovarica",1,1,0,0,1,0,0,0
"Tulipa_koyuncui",1,1,0,0,1,0,0,0
"Tulipa_kuschkensis",1,1,0,0,1,0,0,0
"Tulipa_lanata",1,1,0,0,1,0,0,0
"Tulipa_lehmanniana",1,1,0,0,1,0,0,0
"Tulipa_lemmersii",1,1,0,0,1,0,0,0
"Tulipa_linifolia",1,1,0,0,1,0,0,0
"Tulipa_montana",1,1,0,0,1,0,0,0
"Tulipa_orithyioides",1,1,0,0,1,0,0,0
"Tulipa_orphanidea",1,1,0,0,1,0,0,0
"Tulipa_ostrowskiana",1,1,0,0,1,0,0,0
"Tulipa_persica",1,1,0,0,1,0,0,0
"Tulipa_platystemon",1,1,0,0,1,0,0,0
"Tulipa_praestans",1,1,0,0,1,0,0,0
"Tulipa_regelii",1,1,0,0,1,0,0,0
"Tulipa_saxatilis",1,1,0,0,1,0,0,0
"Tulipa_scardica",1,1,0,0,1,0,0,0
"Tulipa_scharipovii",1,1,0,0,1,0,0,0
"Tulipa_schmidtii",1,1,0,0,1,0,0,0
"Tulipa_serbica",1,1,0,0,1,0,0,0
"Tulipa_sinkiangensis",1,1,0,0,1,0,0,0
"Tulipa_sosnowskyi",1,1,0,0,1,0,0,0
"Tulipa_sprengeri",1,1,0,0,1,0,0,0
"Tulipa_suaveolens",1,1,0,0,1,0,0,0
"Tulipa_subquinquefolia",1,1,0,0,1,0,0,0
"Tulipa_sylvestris",1,1,0,0,1,0,0,0
"Tulipa_systola",1,1,0,0,1,0,0,0
"Tulipa_talassica",1,1,0,0,1,0,0,0
"Tulipa_tetraphylla",1,1,0,0,1,0,0,0
"Tulipa_turgaica",1,1,0,0,1,0,0,0
"Tulipa_turkestanica",1,1,0,0,1,0,0,0
"Tulipa_ulophylla",1,1,0,0,1,0,0,0
"Tulipa_undulatifolia",1,1,0,0,1,0,0,0
"Tulipa_uniflora",1,1,0,0,1,0,0,0
"Tulipa_urumiensis",1,1,0,0,1,0,0,0
"Tulipa_uzbekistanica",1,1,0,0,1,0,0,0
"Tulipa_vvedenskyi",1,1,0,0,1,0,0,0
"Campynema_lineare",0,0,0,0,1,0,0,0
"Campynemanthe_neocaledonica",0,0,1,0,1,0,0,0
"Campynemanthe_parva",0,0,1,0,1,0,0,0
"Campynemanthe_viridiflora",0,0,1,0,1,0,0,0
"Ripogonum_album",0,0,1,0,1,0,0,0
"Ripogonum_brevifolium",0,0,1,0,1,0,0,0
"Ripogonum_discolor",0,0,1,0,1,0,0,0
"Ripogonum_elseyanum",0,0,1,0,1,0,0,0
"Ripogonum_fawcettianum",0,0,1,0,1,0,0,0
"Ripogonum_scandens",0,0,1,0,1,0,0,0
"Arachnitis_uniflora",0,0,0,0,1,0,1,0
"Corsia_acuminata",0,0,1,0,1,0,0,0
"Corsia_arfakensis",0,0,1,0,1,0,0,0
"Corsia_boridiensis",0,0,1,0,1,0,0,0
"Corsia_brassii",0,0,1,0,1,0,0,0
"Corsia_clypeata",0,0,1,0,1,0,0,0
"Corsia_cordata",0,0,1,0,1,0,0,0
"Corsia_cornuta",0,0,1,0,1,0,0,0
"Corsia_crenata",0,0,1,0,1,0,0,0
"Corsia_cyclopensis",0,0,1,0,1,0,0,0
"Corsia_dispar",0,0,1,0,1,0,0,0
"Corsia_haianjensis",0,0,1,0,1,0,0,0
"Corsia_huonensis",0,0,1,0,1,0,0,0
"Corsia_lamellata",0,0,1,0,1,0,0,0
"Corsia_merimantaensis",0,0,1,0,1,0,0,0
"Corsia_ornata",0,0,1,0,1,0,0,0
"Corsia_papuana",0,0,1,0,1,0,0,0
"Corsia_purpurata",0,0,1,0,1,0,0,0
"Corsia_pyramidata",0,0,1,0,1,0,0,0
"Corsia_resiensis",0,0,1,0,1,0,0,0
"Corsia_torricellensis",0,0,1,0,1,0,0,0
"Corsia_triceratops",0,0,1,0,1,0,0,0
"Corsia_unguiculata",0,0,1,0,1,0,0,0
"Corsia_viridopurpurea",0,0,1,0,1,0,0,0
"Corsia_wiakabui",0,0,1,0,1,0,0,0
"Corsia_wubungu",0,0,1,0,1,0,0,0
"Lapageria_rosea",0,0,1,0,1,0,0,0
"Philesia_magellanica",0,0,1,0,1,0,0,0
